#
# There is insufficient memory for the Java Runtime Environment to continue.
# Native memory allocation (malloc) failed to allocate 2055064 bytes. Error detail: Chunk::new
# Possible reasons:
#   The system is out of physical RAM or swap space
#   This process is running with CompressedOops enabled, and the Java Heap may be blocking the growth of the native heap
# Possible solutions:
#   Reduce memory load on the system
#   Increase physical memory or swap space
#   Check if swap backing store is full
#   Decrease Java heap size (-Xmx/-Xms)
#   Decrease number of Java threads
#   Decrease Java thread stack sizes (-Xss)
#   Set larger code cache with -XX:ReservedCodeCacheSize=
#   JVM is running with Unscaled Compressed Oops mode in which the Java heap is
#     placed in the first 4GB address space. The Java Heap base address is the
#     maximum limit for the native heap growth. Please use -XX:HeapBaseMinAddress
#     to set the Java Heap base and to place the Java Heap above 4GB virtual address.
# This output file may be truncated or incomplete.
#
#  Out of Memory Error (arena.cpp:186), pid=25928, tid=24028
#
# JRE version: OpenJDK Runtime Environment (25.0.2) (build 25.0.2+-15348964-b329.117)
# Java VM: OpenJDK 64-Bit Server VM (25.0.2+-15348964-b329.117, mixed mode, tiered, compressed oops, compressed class ptrs, g1 gc, windows-amd64)
# No core dump will be written. Minidumps are not enabled by default on client versions of Windows
#

---------------  S U M M A R Y ------------

Command Line: --add-opens=java.base/java.lang=ALL-UNNAMED --add-opens=java.base/java.lang.invoke=ALL-UNNAMED --add-opens=java.base/java.util=ALL-UNNAMED --add-opens=java.prefs/java.util.prefs=ALL-UNNAMED --add-exports=jdk.compiler/com.sun.tools.javac.api=ALL-UNNAMED --add-exports=jdk.compiler/com.sun.tools.javac.util=ALL-UNNAMED --add-opens=java.base/java.nio.charset=ALL-UNNAMED --add-opens=java.base/java.net=ALL-UNNAMED --add-opens=java.base/java.util.concurrent=ALL-UNNAMED --add-opens=java.base/java.util.concurrent.atomic=ALL-UNNAMED --add-opens=java.xml/javax.xml.namespace=ALL-UNNAMED --add-opens=java.base/java.time=ALL-UNNAMED --enable-native-access=ALL-UNNAMED -Xmx2048m -Dfile.encoding=UTF-8 -Duser.country=ID -Duser.language=en -Duser.variant -javaagent:C:\Users\A S U S\.gradle\wrapper\dists\gradle-9.5.0-bin\bvnork1r7n8i6kp5cnkibsc9q\gradle-9.5.0\lib\agents\gradle-instrumentation-agent-9.5.0.jar org.gradle.launcher.daemon.bootstrap.GradleDaemon 9.5.0

Host: 12th Gen Intel(R) Core(TM) i5-12500H, 16 cores, 15G,  Windows 11 , 64 bit Build 26100 (10.0.26100.9444)
Time: Wed Sep 16 16:12:04 2026 SE Asia Standard Time elapsed time: 52.441776 seconds (0d 0h 0m 52s)

---------------  T H R E A D  ---------------

Current thread (0x0000016425faae70):  JavaThread "C2 CompilerThread1" daemon [_thread_in_native, id=24028, stack(0x00000033be500000,0x00000033be600000) (1024K)]


Current CompileTask:
C2:52441 18364       4       org.jetbrains.kotlin.name.FqNameUnsafe::parent (61 bytes)

Stack: [0x00000033be500000,0x00000033be600000]
Native frames: (J=compiled Java code, j=interpreted, Vv=VM code, C=native code)
V  [jvm.dll+0x7bd439]  (no source info available)
V  [jvm.dll+0x78763d]  (no source info available)
V  [jvm.dll+0xa0c885]  (no source info available)
V  [jvm.dll+0xa0ef04]  (no source info available)
V  [jvm.dll+0xa0f603]  (no source info available)
V  [jvm.dll+0x309bf6]  (no source info available)
V  [jvm.dll+0x10ea69]  (no source info available)
V  [jvm.dll+0x10ed92]  (no source info available)
V  [jvm.dll+0x1a9837]  (no source info available)
V  [jvm.dll+0x3bec92]  (no source info available)
V  [jvm.dll+0x7c2cb7]  (no source info available)
V  [jvm.dll+0x2ce046]  (no source info available)
V  [jvm.dll+0x2cd221]  (no source info available)
V  [jvm.dll+0x242ffa]  (no source info available)
V  [jvm.dll+0x2dcc05]  (no source info available)
V  [jvm.dll+0x2dae06]  (no source info available)
V  [jvm.dll+0x49b59e]  (no source info available)
V  [jvm.dll+0x9ab9c8]  (no source info available)
V  [jvm.dll+0x7bb985]  (no source info available)
C  [ucrtbase.dll+0x2cd30]  (no source info available)
C  [KERNEL32.DLL+0x2cd87]  (no source info available)
C  [ntdll.dll+0xacaec]  (no source info available)

Lock stack of current Java thread (top to bottom):


---------------  P R O C E S S  ---------------

Threads class SMR info:
_java_thread_list=0x00000164246fbd00, length=78, elements={
0x00000164022c33c0, 0x000001641ab41420, 0x000001641ab78130, 0x000001641ab793a0,
0x000001641ab53430, 0x000001641ab54400, 0x000001641ab54fc0, 0x000001641ab55b80,
0x000001641ab56e80, 0x000001641ab5cac0, 0x000001641f01bdb0, 0x0000016421432a70,
0x000001642267e9a0, 0x00000164209a14b0, 0x00000164224d6b70, 0x00000164224d4af0,
0x00000164209b4460, 0x00000164209b5400, 0x00000164209b82e0, 0x00000164209b8ab0,
0x0000016422cb9ec0, 0x0000016422cbae60, 0x0000016422cb8750, 0x0000016422cbc5d0,
0x0000016422cbf4b0, 0x0000016422cbcda0, 0x0000016422cbd570, 0x0000016422cbece0,
0x000001641abaff40, 0x00000164227ad6d0, 0x00000164227adea0, 0x00000164227aee40,
0x00000164227acf00, 0x00000164227af610, 0x00000164227ac730, 0x00000164227ae670,
0x00000164227afde0, 0x000001641f829840, 0x00000164238bc850, 0x0000016420fb2100,
0x0000016425cd89c0, 0x0000016422f5e8f0, 0x0000016423364420, 0x0000016424d860c0,
0x000001642b415a80, 0x000001642b416250, 0x000001642b4171f0, 0x000001642b4179c0,
0x0000016422bed0f0, 0x0000016422bef800, 0x0000016422bec150, 0x0000016422defcf0,
0x0000016422bee090, 0x0000016422bed8c0, 0x0000016422bee860, 0x0000016422bec920,
0x000001641af1ded0, 0x000001641f34ded0, 0x000001642b3e2d10, 0x000001642b3e34e0,
0x000001642b3e15a0, 0x000001642b3e0dd0, 0x000001642b3e1d70, 0x000001642da44e30,
0x000001642da45600, 0x000001642da44660, 0x000001642da41f50, 0x000001642da436c0,
0x000001642da42720, 0x000001642da42ef0, 0x0000016425cda900, 0x0000016425cda130,
0x0000016423365b90, 0x0000016422f89bc0, 0x0000016422f86b60, 0x0000016425faae70,
0x0000016425faa660, 0x00000164257b5180
}

Java Threads: ( => current thread )
  0x00000164022c33c0 JavaThread "main"                              [_thread_blocked, id=17116, stack(0x00000033b8a00000,0x00000033b8b00000) (1024K)]
  0x000001641ab41420 JavaThread "Common-Cleaner"             daemon [_thread_blocked, id=25608, stack(0x00000033b9200000,0x00000033b9300000) (1024K)]
  0x000001641ab78130 JavaThread "Reference Handler"          daemon [_thread_blocked, id=25968, stack(0x00000033b9300000,0x00000033b9400000) (1024K)]
  0x000001641ab793a0 JavaThread "Finalizer"                  daemon [_thread_blocked, id=25964, stack(0x00000033b9400000,0x00000033b9500000) (1024K)]
  0x000001641ab53430 JavaThread "Signal Dispatcher"          daemon [_thread_blocked, id=26360, stack(0x00000033b9500000,0x00000033b9600000) (1024K)]
  0x000001641ab54400 JavaThread "Attach Listener"            daemon [_thread_blocked, id=26300, stack(0x00000033b9600000,0x00000033b9700000) (1024K)]
  0x000001641ab54fc0 JavaThread "Service Thread"             daemon [_thread_blocked, id=13964, stack(0x00000033b9700000,0x00000033b9800000) (1024K)]
  0x000001641ab55b80 JavaThread "Monitor Deflation Thread"   daemon [_thread_blocked, id=25996, stack(0x00000033b9800000,0x00000033b9900000) (1024K)]
  0x000001641ab56e80 JavaThread "C2 CompilerThread0"         daemon [_thread_in_native, id=26272, stack(0x00000033b9900000,0x00000033b9a00000) (1024K)]
  0x000001641ab5cac0 JavaThread "C1 CompilerThread0"         daemon [_thread_blocked, id=26096, stack(0x00000033b9a00000,0x00000033b9b00000) (1024K)]
  0x000001641f01bdb0 JavaThread "Notification Thread"        daemon [_thread_blocked, id=25776, stack(0x00000033b9d00000,0x00000033b9e00000) (1024K)]
  0x0000016421432a70 JavaThread "Daemon health stats"               [_thread_blocked, id=25952, stack(0x00000033ba600000,0x00000033ba700000) (1024K)]
  0x000001642267e9a0 JavaThread "Incoming local TCP Connector on port 61439"        [_thread_in_native, id=26508, stack(0x00000033ba700000,0x00000033ba800000) (1024K)]
  0x00000164209a14b0 JavaThread "Daemon periodic checks"            [_thread_blocked, id=3056, stack(0x00000033bb100000,0x00000033bb200000) (1024K)]
  0x00000164224d6b70 JavaThread "Daemon"                            [_thread_blocked, id=14116, stack(0x00000033bb200000,0x00000033bb300000) (1024K)]
  0x00000164224d4af0 JavaThread "Daemon worker"                     [_thread_in_vm, id=14792, stack(0x00000033bb500000,0x00000033bb600000) (1024K)]
  0x00000164209b4460 JavaThread "Cache worker for journal cache (C:\Users\A S U S\.gradle\caches\journal-1)"        [_thread_blocked, id=9128, stack(0x00000033bb900000,0x00000033bba00000) (1024K)]
  0x00000164209b5400 JavaThread "File lock request listener"        [_thread_in_native, id=15476, stack(0x00000033bba00000,0x00000033bbb00000) (1024K)]
  0x00000164209b82e0 JavaThread "File lock release action executor"        [_thread_blocked, id=10588, stack(0x00000033bbb00000,0x00000033bbc00000) (1024K)]
  0x00000164209b8ab0 JavaThread "Cache worker for file hash cache (C:\Users\A S U S\.gradle\caches\9.5.0\fileHashes)"        [_thread_blocked, id=3088, stack(0x00000033bbc00000,0x00000033bbd00000) (1024K)]
  0x0000016422cb9ec0 JavaThread "File watcher server"        daemon [_thread_in_native, id=26236, stack(0x00000033bbe00000,0x00000033bbf00000) (1024K)]
  0x0000016422cbae60 JavaThread "File watcher consumer"      daemon [_thread_blocked, id=26392, stack(0x00000033bbf00000,0x00000033bc000000) (1024K)]
  0x0000016422cb8750 JavaThread "jar transforms"                    [_thread_blocked, id=25944, stack(0x00000033bc000000,0x00000033bc100000) (1024K)]
  0x0000016422cbc5d0 JavaThread "jar transforms Thread 2"           [_thread_blocked, id=25840, stack(0x00000033bc100000,0x00000033bc200000) (1024K)]
  0x0000016422cbf4b0 JavaThread "jar transforms Thread 3"           [_thread_blocked, id=25008, stack(0x00000033bc200000,0x00000033bc300000) (1024K)]
  0x0000016422cbcda0 JavaThread "jar transforms Thread 4"           [_thread_blocked, id=14744, stack(0x00000033bc300000,0x00000033bc400000) (1024K)]
  0x0000016422cbd570 JavaThread "jar transforms Thread 5"           [_thread_blocked, id=25684, stack(0x00000033bc400000,0x00000033bc500000) (1024K)]
  0x0000016422cbece0 JavaThread "jar transforms Thread 6"           [_thread_blocked, id=26600, stack(0x00000033bc500000,0x00000033bc600000) (1024K)]
  0x000001641abaff40 JavaThread "jar transforms Thread 7"           [_thread_blocked, id=26592, stack(0x00000033bc600000,0x00000033bc700000) (1024K)]
  0x00000164227ad6d0 JavaThread "jar transforms Thread 8"           [_thread_blocked, id=26196, stack(0x00000033bc700000,0x00000033bc800000) (1024K)]
  0x00000164227adea0 JavaThread "jar transforms Thread 9"           [_thread_blocked, id=25616, stack(0x00000033bc800000,0x00000033bc900000) (1024K)]
  0x00000164227aee40 JavaThread "jar transforms Thread 10"          [_thread_blocked, id=14804, stack(0x00000033bc900000,0x00000033bca00000) (1024K)]
  0x00000164227acf00 JavaThread "jar transforms Thread 11"          [_thread_blocked, id=26108, stack(0x00000033bca00000,0x00000033bcb00000) (1024K)]
  0x00000164227af610 JavaThread "jar transforms Thread 12"          [_thread_blocked, id=26492, stack(0x00000033bcb00000,0x00000033bcc00000) (1024K)]
  0x00000164227ac730 JavaThread "jar transforms Thread 13"          [_thread_blocked, id=19320, stack(0x00000033bcc00000,0x00000033bcd00000) (1024K)]
  0x00000164227ae670 JavaThread "jar transforms Thread 14"          [_thread_blocked, id=26376, stack(0x00000033bcd00000,0x00000033bce00000) (1024K)]
  0x00000164227afde0 JavaThread "jar transforms Thread 15"          [_thread_blocked, id=3832, stack(0x00000033bce00000,0x00000033bcf00000) (1024K)]
  0x000001641f829840 JavaThread "jar transforms Thread 16"          [_thread_blocked, id=5360, stack(0x00000033bcf00000,0x00000033bd000000) (1024K)]
  0x00000164238bc850 JavaThread "Cache worker for file content cache (C:\Users\A S U S\.gradle\caches\9.5.0\fileContent)"        [_thread_blocked, id=24832, stack(0x00000033bd200000,0x00000033bd300000) (1024K)]
  0x0000016420fb2100 JavaThread "Memory manager"                    [_thread_blocked, id=21856, stack(0x00000033be400000,0x00000033be500000) (1024K)]
  0x0000016425cd89c0 JavaThread "pool-3-thread-1"                   [_thread_blocked, id=22144, stack(0x00000033be800000,0x00000033be900000) (1024K)]
  0x0000016422f5e8f0 JavaThread "C1 CompilerThread1"         daemon [_thread_blocked, id=17340, stack(0x00000033b9b00000,0x00000033b9c00000) (1024K)]
  0x0000016423364420 JavaThread "File lock release action executor Thread 2"        [_thread_blocked, id=23928, stack(0x00000033b8800000,0x00000033b8900000) (1024K)]
  0x0000016424d860c0 JavaThread "VFS cleanup"                       [_thread_blocked, id=14680, stack(0x00000033b9c00000,0x00000033b9d00000) (1024K)]
  0x000001642b415a80 JavaThread "Handler for socket connection from /127.0.0.1:61439 to /127.0.0.1:64730"        [_thread_in_native, id=2508, stack(0x00000033b8700000,0x00000033b8800000) (1024K)]
  0x000001642b416250 JavaThread "Cancel handler"                    [_thread_blocked, id=6704, stack(0x00000033b9e00000,0x00000033b9f00000) (1024K)]
  0x000001642b4171f0 JavaThread "Asynchronous log dispatcher for DefaultDaemonConnection: socket connection from /127.0.0.1:61439 to /127.0.0.1:64730"        [_thread_blocked, id=23548, stack(0x00000033b9f00000,0x00000033ba000000) (1024K)]
  0x000001642b4179c0 JavaThread "Stdin handler"                     [_thread_blocked, id=8532, stack(0x00000033ba000000,0x00000033ba100000) (1024K)]
  0x0000016422bed0f0 JavaThread "Daemon client event forwarder"        [_thread_blocked, id=22268, stack(0x00000033bb300000,0x00000033bb400000) (1024K)]
  0x0000016422bef800 JavaThread "Cache worker for file hash cache (D:\TiketBookingApp\.gradle\9.5.0\fileHashes)"        [_thread_blocked, id=4172, stack(0x00000033bb400000,0x00000033bb500000) (1024K)]
  0x0000016422bec150 JavaThread "Cache worker for Build Output Cleanup Cache (D:\TiketBookingApp\.gradle\buildOutputCleanup)"        [_thread_blocked, id=15656, stack(0x00000033bb600000,0x00000033bb700000) (1024K)]
  0x0000016422defcf0 JavaThread "Daemon Thread 2"                   [_thread_blocked, id=10764, stack(0x00000033bb700000,0x00000033bb800000) (1024K)]
  0x0000016422bee090 JavaThread "Cache worker for checksums cache (D:\TiketBookingApp\.gradle\9.5.0\checksums)"        [_thread_blocked, id=6272, stack(0x00000033bb800000,0x00000033bb900000) (1024K)]
  0x0000016422bed8c0 JavaThread "Cache worker for cache directory md-supplier (C:\Users\A S U S\.gradle\caches\9.5.0\md-supplier)"        [_thread_blocked, id=1996, stack(0x00000033bd000000,0x00000033bd100000) (1024K)]
  0x0000016422bee860 JavaThread "Cache worker for cache directory md-rule (C:\Users\A S U S\.gradle\caches\9.5.0\md-rule)"        [_thread_blocked, id=4276, stack(0x00000033bd100000,0x00000033bd200000) (1024K)]
  0x0000016422bec920 JavaThread "Build operations"                  [_thread_blocked, id=17208, stack(0x00000033bbd00000,0x00000033bbe00000) (1024K)]
  0x000001641af1ded0 JavaThread "Build operations Thread 2"         [_thread_blocked, id=19024, stack(0x00000033bd300000,0x00000033bd400000) (1024K)]
  0x000001641f34ded0 JavaThread "Build operations Thread 3"         [_thread_blocked, id=24428, stack(0x00000033bd400000,0x00000033bd500000) (1024K)]
  0x000001642b3e2d10 JavaThread "Build operations Thread 4"         [_thread_blocked, id=20312, stack(0x00000033bd500000,0x00000033bd600000) (1024K)]
  0x000001642b3e34e0 JavaThread "Build operations Thread 5"         [_thread_blocked, id=24432, stack(0x00000033bd600000,0x00000033bd700000) (1024K)]
  0x000001642b3e15a0 JavaThread "Build operations Thread 6"         [_thread_blocked, id=12056, stack(0x00000033bd700000,0x00000033bd800000) (1024K)]
  0x000001642b3e0dd0 JavaThread "Build operations Thread 7"         [_thread_blocked, id=10136, stack(0x00000033bd800000,0x00000033bd900000) (1024K)]
  0x000001642b3e1d70 JavaThread "Build operations Thread 8"         [_thread_blocked, id=13572, stack(0x00000033bd900000,0x00000033bda00000) (1024K)]
  0x000001642da44e30 JavaThread "Build operations Thread 9"         [_thread_blocked, id=15536, stack(0x00000033bda00000,0x00000033bdb00000) (1024K)]
  0x000001642da45600 JavaThread "Build operations Thread 10"        [_thread_blocked, id=25108, stack(0x00000033bdb00000,0x00000033bdc00000) (1024K)]
  0x000001642da44660 JavaThread "Build operations Thread 11"        [_thread_blocked, id=10956, stack(0x00000033bdc00000,0x00000033bdd00000) (1024K)]
  0x000001642da41f50 JavaThread "Build operations Thread 12"        [_thread_blocked, id=18124, stack(0x00000033bdd00000,0x00000033bde00000) (1024K)]
  0x000001642da436c0 JavaThread "Build operations Thread 13"        [_thread_blocked, id=17192, stack(0x00000033bde00000,0x00000033bdf00000) (1024K)]
  0x000001642da42720 JavaThread "Build operations Thread 14"        [_thread_blocked, id=14092, stack(0x00000033bdf00000,0x00000033be000000) (1024K)]
  0x000001642da42ef0 JavaThread "Build operations Thread 15"        [_thread_blocked, id=21232, stack(0x00000033be000000,0x00000033be100000) (1024K)]
  0x0000016425cda900 JavaThread "DefaultDispatcher-worker-1" daemon [_thread_blocked, id=23940, stack(0x00000033be100000,0x00000033be200000) (1024K)]
  0x0000016425cda130 JavaThread "DefaultDispatcher-worker-2" daemon [_thread_blocked, id=25228, stack(0x00000033be200000,0x00000033be300000) (1024K)]
  0x0000016423365b90 JavaThread "DefaultDispatcher-worker-3" daemon [_thread_blocked, id=11424, stack(0x00000033be300000,0x00000033be400000) (1024K)]
  0x0000016422f89bc0 JavaThread "C1 CompilerThread2"         daemon [_thread_blocked, id=25956, stack(0x00000033be900000,0x00000033bea00000) (1024K)]
  0x0000016422f86b60 JavaThread "C1 CompilerThread3"         daemon [_thread_blocked, id=20708, stack(0x00000033bea00000,0x00000033beb00000) (1024K)]
=>0x0000016425faae70 JavaThread "C2 CompilerThread1"         daemon [_thread_in_native, id=24028, stack(0x00000033be500000,0x00000033be600000) (1024K)]
  0x0000016425faa660 JavaThread "C2 CompilerThread2"         daemon [_thread_in_native, id=12876, stack(0x00000033be600000,0x00000033be700000) (1024K)]
  0x00000164257b5180 JavaThread "C2 CompilerThread3"         daemon [_thread_in_native, id=22664, stack(0x00000033be700000,0x00000033be800000) (1024K)]
Total: 78

Other Threads:
  0x0000016419c074c0 VMThread "VM Thread"                           [id=26276, stack(0x00000033b9100000,0x00000033b9200000) (1024K)]
  0x0000016419bc5ec0 WatcherThread "VM Periodic Task Thread"        [id=25972, stack(0x00000033b9000000,0x00000033b9100000) (1024K)]
  0x000001640231c3d0 WorkerThread "GC Thread#0"                     [id=26316, stack(0x00000033b8b00000,0x00000033b8c00000) (1024K)]
  0x00000164202c1a00 WorkerThread "GC Thread#1"                     [id=26124, stack(0x00000033ba100000,0x00000033ba200000) (1024K)]
  0x000001642021c040 WorkerThread "GC Thread#2"                     [id=26064, stack(0x00000033ba200000,0x00000033ba300000) (1024K)]
  0x000001642021c470 WorkerThread "GC Thread#3"                     [id=25824, stack(0x00000033ba300000,0x00000033ba400000) (1024K)]
  0x000001642021c8a0 WorkerThread "GC Thread#4"                     [id=26472, stack(0x00000033ba400000,0x00000033ba500000) (1024K)]
  0x000001641f2780c0 WorkerThread "GC Thread#5"                     [id=26228, stack(0x00000033ba500000,0x00000033ba600000) (1024K)]
  0x0000016420bd9ba0 WorkerThread "GC Thread#6"                     [id=17956, stack(0x00000033ba800000,0x00000033ba900000) (1024K)]
  0x0000016420bd8eb0 WorkerThread "GC Thread#7"                     [id=26564, stack(0x00000033ba900000,0x00000033baa00000) (1024K)]
  0x0000016420bd7080 WorkerThread "GC Thread#8"                     [id=8020, stack(0x00000033baa00000,0x00000033bab00000) (1024K)]
  0x0000016420bd9750 WorkerThread "GC Thread#9"                     [id=26516, stack(0x00000033bab00000,0x00000033bac00000) (1024K)]
  0x0000016420bd67e0 WorkerThread "GC Thread#10"                    [id=25940, stack(0x00000033bac00000,0x00000033bad00000) (1024K)]
  0x0000016420bd6c30 WorkerThread "GC Thread#11"                    [id=19232, stack(0x00000033bad00000,0x00000033bae00000) (1024K)]
  0x0000016420bdace0 WorkerThread "GC Thread#12"                    [id=5896, stack(0x00000033bae00000,0x00000033baf00000) (1024K)]
  0x0000016402375410 ConcurrentGCThread "G1 Main Marker"            [id=26372, stack(0x00000033b8c00000,0x00000033b8d00000) (1024K)]
  0x0000016402376750 WorkerThread "G1 Conc#0"                       [id=26092, stack(0x00000033b8d00000,0x00000033b8e00000) (1024K)]
  0x0000016420bd7920 WorkerThread "G1 Conc#1"                       [id=20756, stack(0x00000033baf00000,0x00000033bb000000) (1024K)]
  0x0000016420bd9ff0 WorkerThread "G1 Conc#2"                       [id=3320, stack(0x00000033bb000000,0x00000033bb100000) (1024K)]
  0x0000016419a99df0 ConcurrentGCThread "G1 Refine#0"               [id=25720, stack(0x00000033b8e00000,0x00000033b8f00000) (1024K)]
  0x0000016419a9a6b0 ConcurrentGCThread "G1 Service"                [id=26336, stack(0x00000033b8f00000,0x00000033b9000000) (1024K)]
Total: 21

Threads with active compile tasks:
C2 CompilerThread0  52501 18361       4       org.jetbrains.kotlin.name.FqNameUnsafe::pathSegments$collectSegmentsOf (39 bytes)
C2 CompilerThread1  52501 18364       4       org.jetbrains.kotlin.name.FqNameUnsafe::parent (61 bytes)
C2 CompilerThread2  52501 18399       4       org.jetbrains.kotlin.name.FqNameUnsafe::compute (87 bytes)
C2 CompilerThread3  52501 18435       4       org.jetbrains.kotlin.com.intellij.openapi.util.text.StringUtilRt::lastIndexOf (58 bytes)
Total: 4

VM state: not at safepoint (normal execution)

VM Mutex/Monitor currently owned by a thread: None

Heap address: 0x0000000080000000, size: 2048 MB, Compressed Oops mode: 32-bit

CDS archive(s) not mapped
Compressed class space mapped at: 0x000000001c000000-0x000000005c000000, reserved size: 1073741824
UseCompressedClassPointers 1, UseCompactObjectHeaders 0
Narrow klass pointer bits 32, Max shift 3
Narrow klass base: 0x0000000000000000, Narrow klass shift: 0
Encoding Range: [0x0000000000000000 - 0x0000000100000000), (4294967296 bytes)
Klass Range:    [0x000000001c000000 - 0x000000005c000000), (1073741824 bytes)
Klass ID Range:  [469762048 - 1543503865) (1073741817)
No protection zone.

GC Precious Log:
 CardTable entry size: 512
 Card Set container configuration: InlinePtr #cards 5 size 8 Array Of Cards #cards 10 size 36 Howl #buckets 4 coarsen threshold 1843 Howl Bitmap #cards 512 size 80 coarsen threshold 460 Card regions per heap region 1 cards per card region 2048
 CPUs: 16 total, 16 available
 Memory: 16002M
 Large Page Support: Disabled
 NUMA Support: Disabled
 Compressed Oops: Enabled (32-bit)
 Heap Region Size: 1M
 Heap Min Capacity: 8M
 Heap Initial Capacity: 252M
 Heap Max Capacity: 2G
 Pre-touch: Disabled
 Parallel Workers: 13
 Concurrent Workers: 3
 Concurrent Refinement Workers: 13
 Periodic GC: Disabled

Heap:
 garbage-first heap   total reserved 2097152K, committed 302080K, used 204105K [0x0000000080000000, 0x0000000100000000)
  region size 1024K, 22 young (22528K), 5 survivors (5120K)

Heap Regions: E=young(eden), S=young(survivor), O=old, HS=humongous(starts), HC=humongous(continues), CS=collection set, F=free, TAMS=top-at-mark-start, PB=parsable bottom
|   0|0x0000000080000000, 0x0000000080100000, 0x0000000080100000|100%|HS|  |TAMS 0x0000000080000000| PB 0x0000000080000000| Complete |  0
|   1|0x0000000080100000, 0x0000000080200000, 0x0000000080200000|100%|HC|  |TAMS 0x0000000080100000| PB 0x0000000080100000| Complete |  0
|   2|0x0000000080200000, 0x0000000080300000, 0x0000000080300000|100%|HC|  |TAMS 0x0000000080200000| PB 0x0000000080200000| Complete |  0
|   3|0x0000000080300000, 0x0000000080400000, 0x0000000080400000|100%|HC|  |TAMS 0x0000000080300000| PB 0x0000000080300000| Complete |  0
|   4|0x0000000080400000, 0x0000000080500000, 0x0000000080500000|100%| O|  |TAMS 0x0000000080400000| PB 0x0000000080400000| Untracked |  0
|   5|0x0000000080500000, 0x0000000080600000, 0x0000000080600000|100%| O|  |TAMS 0x0000000080500000| PB 0x0000000080500000| Untracked |  0
|   6|0x0000000080600000, 0x0000000080700000, 0x0000000080700000|100%|HS|  |TAMS 0x0000000080600000| PB 0x0000000080600000| Complete |  0
|   7|0x0000000080700000, 0x0000000080800000, 0x0000000080800000|100%| O|  |TAMS 0x0000000080700000| PB 0x0000000080700000| Untracked |  0
|   8|0x0000000080800000, 0x0000000080900000, 0x0000000080900000|100%| O|  |TAMS 0x0000000080800000| PB 0x0000000080800000| Untracked |  0
|   9|0x0000000080900000, 0x0000000080a00000, 0x0000000080a00000|100%| O|  |TAMS 0x0000000080900000| PB 0x0000000080900000| Untracked |  0
|  10|0x0000000080a00000, 0x0000000080b00000, 0x0000000080b00000|100%| O|  |TAMS 0x0000000080a00000| PB 0x0000000080a00000| Untracked |  0
|  11|0x0000000080b00000, 0x0000000080c00000, 0x0000000080c00000|100%| O|  |TAMS 0x0000000080b00000| PB 0x0000000080b00000| Untracked |  0
|  12|0x0000000080c00000, 0x0000000080d00000, 0x0000000080d00000|100%| O|  |TAMS 0x0000000080c00000| PB 0x0000000080c00000| Untracked |  0
|  13|0x0000000080d00000, 0x0000000080e00000, 0x0000000080e00000|100%| O|  |TAMS 0x0000000080d00000| PB 0x0000000080d00000| Untracked |  0
|  14|0x0000000080e00000, 0x0000000080f00000, 0x0000000080f00000|100%| O|  |TAMS 0x0000000080e00000| PB 0x0000000080e00000| Untracked |  0
|  15|0x0000000080f00000, 0x0000000081000000, 0x0000000081000000|100%| O|  |TAMS 0x0000000080f00000| PB 0x0000000080f00000| Untracked |  0
|  16|0x0000000081000000, 0x0000000081100000, 0x0000000081100000|100%| O|  |TAMS 0x0000000081000000| PB 0x0000000081000000| Untracked |  0
|  17|0x0000000081100000, 0x0000000081200000, 0x0000000081200000|100%|HS|  |TAMS 0x0000000081100000| PB 0x0000000081100000| Complete |  0
|  18|0x0000000081200000, 0x0000000081300000, 0x0000000081300000|100%|HC|  |TAMS 0x0000000081200000| PB 0x0000000081200000| Complete |  0
|  19|0x0000000081300000, 0x0000000081400000, 0x0000000081400000|100%|HC|  |TAMS 0x0000000081300000| PB 0x0000000081300000| Complete |  0
|  20|0x0000000081400000, 0x0000000081500000, 0x0000000081500000|100%|HC|  |TAMS 0x0000000081400000| PB 0x0000000081400000| Complete |  0
|  21|0x0000000081500000, 0x0000000081600000, 0x0000000081600000|100%|HC|  |TAMS 0x0000000081500000| PB 0x0000000081500000| Complete |  0
|  22|0x0000000081600000, 0x0000000081700000, 0x0000000081700000|100%|HC|  |TAMS 0x0000000081600000| PB 0x0000000081600000| Complete |  0
|  23|0x0000000081700000, 0x0000000081800000, 0x0000000081800000|100%|HS|  |TAMS 0x0000000081700000| PB 0x0000000081700000| Complete |  0
|  24|0x0000000081800000, 0x0000000081900000, 0x0000000081900000|100%|HS|  |TAMS 0x0000000081800000| PB 0x0000000081800000| Complete |  0
|  25|0x0000000081900000, 0x0000000081a00000, 0x0000000081a00000|100%|HS|  |TAMS 0x0000000081900000| PB 0x0000000081900000| Complete |  0
|  26|0x0000000081a00000, 0x0000000081b00000, 0x0000000081b00000|100%|HC|  |TAMS 0x0000000081a00000| PB 0x0000000081a00000| Complete |  0
|  27|0x0000000081b00000, 0x0000000081c00000, 0x0000000081c00000|100%|HC|  |TAMS 0x0000000081b00000| PB 0x0000000081b00000| Complete |  0
|  28|0x0000000081c00000, 0x0000000081d00000, 0x0000000081d00000|100%|HC|  |TAMS 0x0000000081c00000| PB 0x0000000081c00000| Complete |  0
|  29|0x0000000081d00000, 0x0000000081e00000, 0x0000000081e00000|100%|HC|  |TAMS 0x0000000081d00000| PB 0x0000000081d00000| Complete |  0
|  30|0x0000000081e00000, 0x0000000081f00000, 0x0000000081f00000|100%|HC|  |TAMS 0x0000000081e00000| PB 0x0000000081e00000| Complete |  0
|  31|0x0000000081f00000, 0x0000000082000000, 0x0000000082000000|100%|HS|  |TAMS 0x0000000081f00000| PB 0x0000000081f00000| Complete |  0
|  32|0x0000000082000000, 0x0000000082100000, 0x0000000082100000|100%| O|  |TAMS 0x0000000082000000| PB 0x0000000082000000| Untracked |  0
|  33|0x0000000082100000, 0x0000000082200000, 0x0000000082200000|100%| O|  |TAMS 0x0000000082100000| PB 0x0000000082100000| Untracked |  0
|  34|0x0000000082200000, 0x0000000082300000, 0x0000000082300000|100%| O|  |TAMS 0x0000000082200000| PB 0x0000000082200000| Untracked |  0
|  35|0x0000000082300000, 0x0000000082400000, 0x0000000082400000|100%| O|  |TAMS 0x0000000082300000| PB 0x0000000082300000| Untracked |  0
|  36|0x0000000082400000, 0x0000000082500000, 0x0000000082500000|100%|HS|  |TAMS 0x0000000082400000| PB 0x0000000082400000| Complete |  0
|  37|0x0000000082500000, 0x0000000082600000, 0x0000000082600000|100%| O|  |TAMS 0x0000000082500000| PB 0x0000000082500000| Untracked |  0
|  38|0x0000000082600000, 0x0000000082700000, 0x0000000082700000|100%| O|  |TAMS 0x0000000082600000| PB 0x0000000082600000| Untracked |  0
|  39|0x0000000082700000, 0x0000000082800000, 0x0000000082800000|100%| O|  |TAMS 0x0000000082700000| PB 0x0000000082700000| Untracked |  0
|  40|0x0000000082800000, 0x0000000082900000, 0x0000000082900000|100%| O|  |TAMS 0x0000000082800000| PB 0x0000000082800000| Untracked |  0
|  41|0x0000000082900000, 0x0000000082a00000, 0x0000000082a00000|100%| O|  |TAMS 0x0000000082900000| PB 0x0000000082900000| Untracked |  0
|  42|0x0000000082a00000, 0x0000000082b00000, 0x0000000082b00000|100%| O|  |TAMS 0x0000000082a00000| PB 0x0000000082a00000| Untracked |  0
|  43|0x0000000082b00000, 0x0000000082c00000, 0x0000000082c00000|100%| O|  |TAMS 0x0000000082b00000| PB 0x0000000082b00000| Untracked |  0
|  44|0x0000000082c00000, 0x0000000082d00000, 0x0000000082d00000|100%| O|  |TAMS 0x0000000082c00000| PB 0x0000000082c00000| Untracked |  0
|  45|0x0000000082d00000, 0x0000000082e00000, 0x0000000082e00000|100%| O|  |TAMS 0x0000000082d00000| PB 0x0000000082d00000| Untracked |  0
|  46|0x0000000082e00000, 0x0000000082f00000, 0x0000000082f00000|100%| O|  |TAMS 0x0000000082e00000| PB 0x0000000082e00000| Untracked |  0
|  47|0x0000000082f00000, 0x0000000083000000, 0x0000000083000000|100%| O|  |TAMS 0x0000000082f00000| PB 0x0000000082f00000| Untracked |  0
|  48|0x0000000083000000, 0x0000000083100000, 0x0000000083100000|100%| O|  |TAMS 0x0000000083000000| PB 0x0000000083000000| Untracked |  0
|  49|0x0000000083100000, 0x0000000083200000, 0x0000000083200000|100%| O|  |TAMS 0x0000000083100000| PB 0x0000000083100000| Untracked |  0
|  50|0x0000000083200000, 0x0000000083300000, 0x0000000083300000|100%| O|  |TAMS 0x0000000083200000| PB 0x0000000083200000| Untracked |  0
|  51|0x0000000083300000, 0x0000000083400000, 0x0000000083400000|100%| O|  |TAMS 0x0000000083300000| PB 0x0000000083300000| Untracked |  0
|  52|0x0000000083400000, 0x0000000083500000, 0x0000000083500000|100%| O|  |TAMS 0x0000000083400000| PB 0x0000000083400000| Untracked |  0
|  53|0x0000000083500000, 0x0000000083600000, 0x0000000083600000|100%| O|  |TAMS 0x0000000083500000| PB 0x0000000083500000| Untracked |  0
|  54|0x0000000083600000, 0x0000000083700000, 0x0000000083700000|100%| O|  |TAMS 0x0000000083600000| PB 0x0000000083600000| Untracked |  0
|  55|0x0000000083700000, 0x0000000083800000, 0x0000000083800000|100%| O|  |TAMS 0x0000000083700000| PB 0x0000000083700000| Untracked |  0
|  56|0x0000000083800000, 0x0000000083900000, 0x0000000083900000|100%| O|  |TAMS 0x0000000083800000| PB 0x0000000083800000| Untracked |  0
|  57|0x0000000083900000, 0x0000000083a00000, 0x0000000083a00000|100%| O|  |TAMS 0x0000000083900000| PB 0x0000000083900000| Untracked |  0
|  58|0x0000000083a00000, 0x0000000083b00000, 0x0000000083b00000|100%| O|  |TAMS 0x0000000083a00000| PB 0x0000000083a00000| Untracked |  0
|  59|0x0000000083b00000, 0x0000000083c00000, 0x0000000083c00000|100%| O|  |TAMS 0x0000000083b00000| PB 0x0000000083b00000| Untracked |  0
|  60|0x0000000083c00000, 0x0000000083d00000, 0x0000000083d00000|100%| O|  |TAMS 0x0000000083c00000| PB 0x0000000083c00000| Untracked |  0
|  61|0x0000000083d00000, 0x0000000083e00000, 0x0000000083e00000|100%| O|  |TAMS 0x0000000083d00000| PB 0x0000000083d00000| Untracked |  0
|  62|0x0000000083e00000, 0x0000000083f00000, 0x0000000083f00000|100%| O|  |TAMS 0x0000000083e00000| PB 0x0000000083e00000| Untracked |  0
|  63|0x0000000083f00000, 0x0000000084000000, 0x0000000084000000|100%| O|  |TAMS 0x0000000083f00000| PB 0x0000000083f00000| Untracked |  0
|  64|0x0000000084000000, 0x0000000084100000, 0x0000000084100000|100%| O|  |TAMS 0x0000000084000000| PB 0x0000000084000000| Untracked |  0
|  65|0x0000000084100000, 0x0000000084200000, 0x0000000084200000|100%| O|  |TAMS 0x0000000084100000| PB 0x0000000084100000| Untracked |  0
|  66|0x0000000084200000, 0x0000000084300000, 0x0000000084300000|100%| O|  |TAMS 0x0000000084200000| PB 0x0000000084200000| Untracked |  0
|  67|0x0000000084300000, 0x0000000084400000, 0x0000000084400000|100%|HS|  |TAMS 0x0000000084300000| PB 0x0000000084300000| Complete |  0
|  68|0x0000000084400000, 0x0000000084500000, 0x0000000084500000|100%|HS|  |TAMS 0x0000000084400000| PB 0x0000000084400000| Complete |  0
|  69|0x0000000084500000, 0x0000000084600000, 0x0000000084600000|100%|HS|  |TAMS 0x0000000084500000| PB 0x0000000084500000| Complete |  0
|  70|0x0000000084600000, 0x0000000084700000, 0x0000000084700000|100%|HS|  |TAMS 0x0000000084600000| PB 0x0000000084600000| Complete |  0
|  71|0x0000000084700000, 0x0000000084800000, 0x0000000084800000|100%|HC|  |TAMS 0x0000000084700000| PB 0x0000000084700000| Complete |  0
|  72|0x0000000084800000, 0x0000000084900000, 0x0000000084900000|100%|HS|  |TAMS 0x0000000084800000| PB 0x0000000084800000| Complete |  0
|  73|0x0000000084900000, 0x0000000084a00000, 0x0000000084a00000|100%|HS|  |TAMS 0x0000000084900000| PB 0x0000000084900000| Complete |  0
|  74|0x0000000084a00000, 0x0000000084b00000, 0x0000000084b00000|100%|HS|  |TAMS 0x0000000084a00000| PB 0x0000000084a00000| Complete |  0
|  75|0x0000000084b00000, 0x0000000084c00000, 0x0000000084c00000|100%| O|  |TAMS 0x0000000084b00000| PB 0x0000000084b00000| Untracked |  0
|  76|0x0000000084c00000, 0x0000000084d00000, 0x0000000084d00000|100%|HS|  |TAMS 0x0000000084c00000| PB 0x0000000084c00000| Complete |  0
|  77|0x0000000084d00000, 0x0000000084e00000, 0x0000000084e00000|100%|HS|  |TAMS 0x0000000084d00000| PB 0x0000000084d00000| Complete |  0
|  78|0x0000000084e00000, 0x0000000084f00000, 0x0000000084f00000|100%| O|  |TAMS 0x0000000084e00000| PB 0x0000000084e00000| Untracked |  0
|  79|0x0000000084f00000, 0x0000000085000000, 0x0000000085000000|100%| O|  |TAMS 0x0000000084f00000| PB 0x0000000084f00000| Untracked |  0
|  80|0x0000000085000000, 0x0000000085100000, 0x0000000085100000|100%| O|  |TAMS 0x0000000085000000| PB 0x0000000085000000| Untracked |  0
|  81|0x0000000085100000, 0x0000000085200000, 0x0000000085200000|100%|HS|  |TAMS 0x0000000085100000| PB 0x0000000085100000| Complete |  0
|  82|0x0000000085200000, 0x0000000085300000, 0x0000000085300000|100%|HC|  |TAMS 0x0000000085200000| PB 0x0000000085200000| Complete |  0
|  83|0x0000000085300000, 0x0000000085400000, 0x0000000085400000|100%| O|  |TAMS 0x0000000085300000| PB 0x0000000085300000| Untracked |  0
|  84|0x0000000085400000, 0x0000000085500000, 0x0000000085500000|100%| O|  |TAMS 0x0000000085400000| PB 0x0000000085400000| Untracked |  0
|  85|0x0000000085500000, 0x0000000085600000, 0x0000000085600000|100%| O|  |TAMS 0x0000000085500000| PB 0x0000000085500000| Untracked |  0
|  86|0x0000000085600000, 0x0000000085700000, 0x0000000085700000|100%|HS|  |TAMS 0x0000000085600000| PB 0x0000000085600000| Complete |  0
|  87|0x0000000085700000, 0x0000000085800000, 0x0000000085800000|100%| O|  |TAMS 0x0000000085700000| PB 0x0000000085700000| Untracked |  0
|  88|0x0000000085800000, 0x0000000085900000, 0x0000000085900000|100%| O|  |TAMS 0x0000000085800000| PB 0x0000000085800000| Untracked |  0
|  89|0x0000000085900000, 0x0000000085a00000, 0x0000000085a00000|100%| O|  |TAMS 0x0000000085900000| PB 0x0000000085900000| Untracked |  0
|  90|0x0000000085a00000, 0x0000000085b00000, 0x0000000085b00000|100%| O|  |TAMS 0x0000000085a00000| PB 0x0000000085a00000| Untracked |  0
|  91|0x0000000085b00000, 0x0000000085c00000, 0x0000000085c00000|100%| O|  |TAMS 0x0000000085b00000| PB 0x0000000085b00000| Untracked |  0
|  92|0x0000000085c00000, 0x0000000085d00000, 0x0000000085d00000|100%| O|  |TAMS 0x0000000085c00000| PB 0x0000000085c00000| Untracked |  0
|  93|0x0000000085d00000, 0x0000000085e00000, 0x0000000085e00000|100%| O|  |TAMS 0x0000000085d00000| PB 0x0000000085d00000| Untracked |  0
|  94|0x0000000085e00000, 0x0000000085f00000, 0x0000000085f00000|100%| O|  |TAMS 0x0000000085e00000| PB 0x0000000085e00000| Untracked |  0
|  95|0x0000000085f00000, 0x0000000086000000, 0x0000000086000000|100%| O|  |TAMS 0x0000000085f00000| PB 0x0000000085f00000| Untracked |  0
|  96|0x0000000086000000, 0x0000000086100000, 0x0000000086100000|100%| O|  |TAMS 0x0000000086000000| PB 0x0000000086000000| Untracked |  0
|  97|0x0000000086100000, 0x0000000086200000, 0x0000000086200000|100%| O|  |TAMS 0x0000000086100000| PB 0x0000000086100000| Untracked |  0
|  98|0x0000000086200000, 0x0000000086300000, 0x0000000086300000|100%| O|  |TAMS 0x0000000086200000| PB 0x0000000086200000| Untracked |  0
|  99|0x0000000086300000, 0x0000000086400000, 0x0000000086400000|100%| O|  |TAMS 0x0000000086300000| PB 0x0000000086300000| Untracked |  0
| 100|0x0000000086400000, 0x0000000086500000, 0x0000000086500000|100%| O|  |TAMS 0x0000000086400000| PB 0x0000000086400000| Untracked |  0
| 101|0x0000000086500000, 0x0000000086600000, 0x0000000086600000|100%| O|  |TAMS 0x0000000086500000| PB 0x0000000086500000| Untracked |  0
| 102|0x0000000086600000, 0x0000000086700000, 0x0000000086700000|100%| O|  |TAMS 0x0000000086600000| PB 0x0000000086600000| Untracked |  0
| 103|0x0000000086700000, 0x0000000086800000, 0x0000000086800000|100%| O|  |TAMS 0x0000000086700000| PB 0x0000000086700000| Untracked |  0
| 104|0x0000000086800000, 0x0000000086900000, 0x0000000086900000|100%| O|  |TAMS 0x0000000086800000| PB 0x0000000086800000| Untracked |  0
| 105|0x0000000086900000, 0x0000000086a00000, 0x0000000086a00000|100%| O|  |TAMS 0x0000000086900000| PB 0x0000000086900000| Untracked |  0
| 106|0x0000000086a00000, 0x0000000086b00000, 0x0000000086b00000|100%| O|  |TAMS 0x0000000086a00000| PB 0x0000000086a00000| Untracked |  0
| 107|0x0000000086b00000, 0x0000000086c00000, 0x0000000086c00000|100%| O|  |TAMS 0x0000000086b00000| PB 0x0000000086b00000| Untracked |  0
| 108|0x0000000086c00000, 0x0000000086d00000, 0x0000000086d00000|100%| O|  |TAMS 0x0000000086c00000| PB 0x0000000086c00000| Untracked |  0
| 109|0x0000000086d00000, 0x0000000086e00000, 0x0000000086e00000|100%| O|  |TAMS 0x0000000086d00000| PB 0x0000000086d00000| Untracked |  0
| 110|0x0000000086e00000, 0x0000000086f00000, 0x0000000086f00000|100%| O|  |TAMS 0x0000000086e00000| PB 0x0000000086e00000| Untracked |  0
| 111|0x0000000086f00000, 0x0000000087000000, 0x0000000087000000|100%| O|  |TAMS 0x0000000086f00000| PB 0x0000000086f00000| Untracked |  0
| 112|0x0000000087000000, 0x0000000087100000, 0x0000000087100000|100%| O|  |TAMS 0x0000000087000000| PB 0x0000000087000000| Untracked |  0
| 113|0x0000000087100000, 0x0000000087200000, 0x0000000087200000|100%| O|  |TAMS 0x0000000087100000| PB 0x0000000087100000| Untracked |  0
| 114|0x0000000087200000, 0x0000000087300000, 0x0000000087300000|100%| O|Cm|TAMS 0x0000000087200000| PB 0x0000000087200000| Complete |  0
| 115|0x0000000087300000, 0x0000000087400000, 0x0000000087400000|100%| O|  |TAMS 0x0000000087300000| PB 0x0000000087300000| Untracked |  0
| 116|0x0000000087400000, 0x0000000087500000, 0x0000000087500000|100%| O|  |TAMS 0x0000000087400000| PB 0x0000000087400000| Untracked |  0
| 117|0x0000000087500000, 0x0000000087600000, 0x0000000087600000|100%| O|  |TAMS 0x0000000087500000| PB 0x0000000087500000| Untracked |  0
| 118|0x0000000087600000, 0x0000000087700000, 0x0000000087700000|100%| O|  |TAMS 0x0000000087600000| PB 0x0000000087600000| Untracked |  0
| 119|0x0000000087700000, 0x0000000087800000, 0x0000000087800000|100%| O|Cm|TAMS 0x0000000087700000| PB 0x0000000087700000| Complete |  0
| 120|0x0000000087800000, 0x0000000087900000, 0x0000000087900000|100%| O|  |TAMS 0x0000000087800000| PB 0x0000000087800000| Untracked |  0
| 121|0x0000000087900000, 0x0000000087a00000, 0x0000000087a00000|100%| O|  |TAMS 0x0000000087900000| PB 0x0000000087900000| Untracked |  0
| 122|0x0000000087a00000, 0x0000000087b00000, 0x0000000087b00000|100%| O|  |TAMS 0x0000000087a00000| PB 0x0000000087a00000| Untracked |  0
| 123|0x0000000087b00000, 0x0000000087c00000, 0x0000000087c00000|100%| O|  |TAMS 0x0000000087b00000| PB 0x0000000087b00000| Untracked |  0
| 124|0x0000000087c00000, 0x0000000087d00000, 0x0000000087d00000|100%| O|  |TAMS 0x0000000087c00000| PB 0x0000000087c00000| Untracked |  0
| 125|0x0000000087d00000, 0x0000000087e00000, 0x0000000087e00000|100%| O|  |TAMS 0x0000000087d00000| PB 0x0000000087d00000| Untracked |  0
| 126|0x0000000087e00000, 0x0000000087f00000, 0x0000000087f00000|100%| O|  |TAMS 0x0000000087e00000| PB 0x0000000087e00000| Untracked |  0
| 127|0x0000000087f00000, 0x0000000088000000, 0x0000000088000000|100%| O|  |TAMS 0x0000000087f00000| PB 0x0000000087f00000| Untracked |  0
| 128|0x0000000088000000, 0x0000000088100000, 0x0000000088100000|100%| O|  |TAMS 0x0000000088000000| PB 0x0000000088000000| Untracked |  0
| 129|0x0000000088100000, 0x0000000088200000, 0x0000000088200000|100%| O|  |TAMS 0x0000000088100000| PB 0x0000000088100000| Untracked |  0
| 130|0x0000000088200000, 0x0000000088300000, 0x0000000088300000|100%| O|  |TAMS 0x0000000088200000| PB 0x0000000088200000| Untracked |  0
| 131|0x0000000088300000, 0x0000000088400000, 0x0000000088400000|100%| O|Cm|TAMS 0x0000000088300000| PB 0x0000000088300000| Complete |  0
| 132|0x0000000088400000, 0x0000000088500000, 0x0000000088500000|100%| O|  |TAMS 0x0000000088400000| PB 0x0000000088400000| Untracked |  0
| 133|0x0000000088500000, 0x0000000088600000, 0x0000000088600000|100%| O|  |TAMS 0x0000000088500000| PB 0x0000000088500000| Untracked |  0
| 134|0x0000000088600000, 0x0000000088700000, 0x0000000088700000|100%| O|  |TAMS 0x0000000088600000| PB 0x0000000088600000| Untracked |  0
| 135|0x0000000088700000, 0x0000000088800000, 0x0000000088800000|100%| O|  |TAMS 0x0000000088700000| PB 0x0000000088700000| Untracked |  0
| 136|0x0000000088800000, 0x0000000088900000, 0x0000000088900000|100%| O|Cm|TAMS 0x0000000088800000| PB 0x0000000088800000| Complete |  0
| 137|0x0000000088900000, 0x0000000088a00000, 0x0000000088a00000|100%| O|  |TAMS 0x0000000088900000| PB 0x0000000088900000| Untracked |  0
| 138|0x0000000088a00000, 0x0000000088b00000, 0x0000000088b00000|100%| O|Cm|TAMS 0x0000000088a00000| PB 0x0000000088a00000| Complete |  0
| 139|0x0000000088b00000, 0x0000000088c00000, 0x0000000088c00000|100%| O|Cm|TAMS 0x0000000088b00000| PB 0x0000000088b00000| Complete |  0
| 140|0x0000000088c00000, 0x0000000088d00000, 0x0000000088d00000|100%| O|  |TAMS 0x0000000088c00000| PB 0x0000000088c00000| Untracked |  0
| 141|0x0000000088d00000, 0x0000000088e00000, 0x0000000088e00000|100%| O|  |TAMS 0x0000000088d00000| PB 0x0000000088d00000| Untracked |  0
| 142|0x0000000088e00000, 0x0000000088f00000, 0x0000000088f00000|100%| O|  |TAMS 0x0000000088e00000| PB 0x0000000088e00000| Untracked |  0
| 143|0x0000000088f00000, 0x0000000089000000, 0x0000000089000000|100%| O|  |TAMS 0x0000000088f00000| PB 0x0000000088f00000| Untracked |  0
| 144|0x0000000089000000, 0x0000000089100000, 0x0000000089100000|100%| O|  |TAMS 0x0000000089000000| PB 0x0000000089000000| Untracked |  0
| 145|0x0000000089100000, 0x0000000089200000, 0x0000000089200000|100%| O|  |TAMS 0x0000000089100000| PB 0x0000000089100000| Untracked |  0
| 146|0x0000000089200000, 0x0000000089200000, 0x0000000089300000|  0%| F|  |TAMS 0x0000000089200000| PB 0x0000000089200000| Untracked |  0
| 147|0x0000000089300000, 0x0000000089300000, 0x0000000089400000|  0%| F|  |TAMS 0x0000000089300000| PB 0x0000000089300000| Untracked |  0
| 148|0x0000000089400000, 0x0000000089400000, 0x0000000089500000|  0%| F|  |TAMS 0x0000000089400000| PB 0x0000000089400000| Untracked |  0
| 149|0x0000000089500000, 0x0000000089500000, 0x0000000089600000|  0%| F|  |TAMS 0x0000000089500000| PB 0x0000000089500000| Untracked |  0
| 150|0x0000000089600000, 0x0000000089700000, 0x0000000089700000|100%| O|  |TAMS 0x0000000089600000| PB 0x0000000089600000| Untracked |  0
| 151|0x0000000089700000, 0x0000000089800000, 0x0000000089800000|100%| O|  |TAMS 0x0000000089700000| PB 0x0000000089700000| Untracked |  0
| 152|0x0000000089800000, 0x0000000089900000, 0x0000000089900000|100%| O|  |TAMS 0x0000000089800000| PB 0x0000000089800000| Untracked |  0
| 153|0x0000000089900000, 0x0000000089a00000, 0x0000000089a00000|100%| O|  |TAMS 0x0000000089900000| PB 0x0000000089900000| Untracked |  0
| 154|0x0000000089a00000, 0x0000000089b00000, 0x0000000089b00000|100%| O|  |TAMS 0x0000000089a00000| PB 0x0000000089a00000| Untracked |  0
| 155|0x0000000089b00000, 0x0000000089c00000, 0x0000000089c00000|100%| O|  |TAMS 0x0000000089b00000| PB 0x0000000089b00000| Untracked |  0
| 156|0x0000000089c00000, 0x0000000089d00000, 0x0000000089d00000|100%| O|  |TAMS 0x0000000089c00000| PB 0x0000000089c00000| Untracked |  0
| 157|0x0000000089d00000, 0x0000000089e00000, 0x0000000089e00000|100%| O|  |TAMS 0x0000000089d00000| PB 0x0000000089d00000| Untracked |  0
| 158|0x0000000089e00000, 0x0000000089f00000, 0x0000000089f00000|100%| O|  |TAMS 0x0000000089e00000| PB 0x0000000089e00000| Untracked |  0
| 159|0x0000000089f00000, 0x000000008a000000, 0x000000008a000000|100%| O|  |TAMS 0x0000000089f00000| PB 0x0000000089f00000| Untracked |  0
| 160|0x000000008a000000, 0x000000008a100000, 0x000000008a100000|100%| O|  |TAMS 0x000000008a000000| PB 0x000000008a000000| Untracked |  0
| 161|0x000000008a100000, 0x000000008a100000, 0x000000008a200000|  0%| F|  |TAMS 0x000000008a100000| PB 0x000000008a100000| Untracked |  0
| 162|0x000000008a200000, 0x000000008a200000, 0x000000008a300000|  0%| F|  |TAMS 0x000000008a200000| PB 0x000000008a200000| Untracked |  0
| 163|0x000000008a300000, 0x000000008a300000, 0x000000008a400000|  0%| F|  |TAMS 0x000000008a300000| PB 0x000000008a300000| Untracked |  0
| 164|0x000000008a400000, 0x000000008a400000, 0x000000008a500000|  0%| F|  |TAMS 0x000000008a400000| PB 0x000000008a400000| Untracked |  0
| 165|0x000000008a500000, 0x000000008a500000, 0x000000008a600000|  0%| F|  |TAMS 0x000000008a500000| PB 0x000000008a500000| Untracked |  0
| 166|0x000000008a600000, 0x000000008a600000, 0x000000008a700000|  0%| F|  |TAMS 0x000000008a600000| PB 0x000000008a600000| Untracked |  0
| 167|0x000000008a700000, 0x000000008a700000, 0x000000008a800000|  0%| F|  |TAMS 0x000000008a700000| PB 0x000000008a700000| Untracked |  0
| 168|0x000000008a800000, 0x000000008a900000, 0x000000008a900000|100%| O|  |TAMS 0x000000008a800000| PB 0x000000008a800000| Untracked |  0
| 169|0x000000008a900000, 0x000000008aa00000, 0x000000008aa00000|100%| O|  |TAMS 0x000000008a900000| PB 0x000000008a900000| Untracked |  0
| 170|0x000000008aa00000, 0x000000008aa7cbd8, 0x000000008ab00000| 48%| O|  |TAMS 0x000000008aa00000| PB 0x000000008aa00000| Untracked |  0
| 171|0x000000008ab00000, 0x000000008ab00000, 0x000000008ac00000|  0%| F|  |TAMS 0x000000008ab00000| PB 0x000000008ab00000| Untracked |  0
| 172|0x000000008ac00000, 0x000000008ac00000, 0x000000008ad00000|  0%| F|  |TAMS 0x000000008ac00000| PB 0x000000008ac00000| Untracked |  0
| 173|0x000000008ad00000, 0x000000008ad00000, 0x000000008ae00000|  0%| F|  |TAMS 0x000000008ad00000| PB 0x000000008ad00000| Untracked |  0
| 174|0x000000008ae00000, 0x000000008ae00000, 0x000000008af00000|  0%| F|  |TAMS 0x000000008ae00000| PB 0x000000008ae00000| Untracked |  0
| 175|0x000000008af00000, 0x000000008af00000, 0x000000008b000000|  0%| F|  |TAMS 0x000000008af00000| PB 0x000000008af00000| Untracked |  0
| 176|0x000000008b000000, 0x000000008b000000, 0x000000008b100000|  0%| F|  |TAMS 0x000000008b000000| PB 0x000000008b000000| Untracked |  0
| 177|0x000000008b100000, 0x000000008b100000, 0x000000008b200000|  0%| F|  |TAMS 0x000000008b100000| PB 0x000000008b100000| Untracked |  0
| 178|0x000000008b200000, 0x000000008b200000, 0x000000008b300000|  0%| F|  |TAMS 0x000000008b200000| PB 0x000000008b200000| Untracked |  0
| 179|0x000000008b300000, 0x000000008b300000, 0x000000008b400000|  0%| F|  |TAMS 0x000000008b300000| PB 0x000000008b300000| Untracked |  0
| 180|0x000000008b400000, 0x000000008b400000, 0x000000008b500000|  0%| F|  |TAMS 0x000000008b400000| PB 0x000000008b400000| Untracked |  0
| 181|0x000000008b500000, 0x000000008b500000, 0x000000008b600000|  0%| F|  |TAMS 0x000000008b500000| PB 0x000000008b500000| Untracked |  0
| 182|0x000000008b600000, 0x000000008b600000, 0x000000008b700000|  0%| F|  |TAMS 0x000000008b600000| PB 0x000000008b600000| Untracked |  0
| 183|0x000000008b700000, 0x000000008b700000, 0x000000008b800000|  0%| F|  |TAMS 0x000000008b700000| PB 0x000000008b700000| Untracked |  0
| 184|0x000000008b800000, 0x000000008b800000, 0x000000008b900000|  0%| F|  |TAMS 0x000000008b800000| PB 0x000000008b800000| Untracked |  0
| 185|0x000000008b900000, 0x000000008b900000, 0x000000008ba00000|  0%| F|  |TAMS 0x000000008b900000| PB 0x000000008b900000| Untracked |  0
| 186|0x000000008ba00000, 0x000000008ba00000, 0x000000008bb00000|  0%| F|  |TAMS 0x000000008ba00000| PB 0x000000008ba00000| Untracked |  0
| 187|0x000000008bb00000, 0x000000008bb00000, 0x000000008bc00000|  0%| F|  |TAMS 0x000000008bb00000| PB 0x000000008bb00000| Untracked |  0
| 188|0x000000008bc00000, 0x000000008bc00000, 0x000000008bd00000|  0%| F|  |TAMS 0x000000008bc00000| PB 0x000000008bc00000| Untracked |  0
| 189|0x000000008bd00000, 0x000000008bd00000, 0x000000008be00000|  0%| F|  |TAMS 0x000000008bd00000| PB 0x000000008bd00000| Untracked |  0
| 190|0x000000008be00000, 0x000000008be00000, 0x000000008bf00000|  0%| F|  |TAMS 0x000000008be00000| PB 0x000000008be00000| Untracked |  0
| 191|0x000000008bf00000, 0x000000008bf00000, 0x000000008c000000|  0%| F|  |TAMS 0x000000008bf00000| PB 0x000000008bf00000| Untracked |  0
| 192|0x000000008c000000, 0x000000008c000000, 0x000000008c100000|  0%| F|  |TAMS 0x000000008c000000| PB 0x000000008c000000| Untracked |  0
| 193|0x000000008c100000, 0x000000008c100000, 0x000000008c200000|  0%| F|  |TAMS 0x000000008c100000| PB 0x000000008c100000| Untracked |  0
| 194|0x000000008c200000, 0x000000008c200000, 0x000000008c300000|  0%| F|  |TAMS 0x000000008c200000| PB 0x000000008c200000| Untracked |  0
| 195|0x000000008c300000, 0x000000008c300000, 0x000000008c400000|  0%| F|  |TAMS 0x000000008c300000| PB 0x000000008c300000| Untracked |  0
| 196|0x000000008c400000, 0x000000008c400000, 0x000000008c500000|  0%| F|  |TAMS 0x000000008c400000| PB 0x000000008c400000| Untracked |  0
| 197|0x000000008c500000, 0x000000008c5d5890, 0x000000008c600000| 83%| S|CS|TAMS 0x000000008c500000| PB 0x000000008c500000| Complete |  0
| 198|0x000000008c600000, 0x000000008c700000, 0x000000008c700000|100%| S|CS|TAMS 0x000000008c600000| PB 0x000000008c600000| Complete |  0
| 199|0x000000008c700000, 0x000000008c800000, 0x000000008c800000|100%| S|CS|TAMS 0x000000008c700000| PB 0x000000008c700000| Complete |  0
| 200|0x000000008c800000, 0x000000008c900000, 0x000000008c900000|100%| S|CS|TAMS 0x000000008c800000| PB 0x000000008c800000| Complete |  0
| 201|0x000000008c900000, 0x000000008ca00000, 0x000000008ca00000|100%| S|CS|TAMS 0x000000008c900000| PB 0x000000008c900000| Complete |  0
| 202|0x000000008ca00000, 0x000000008ca00000, 0x000000008cb00000|  0%| F|  |TAMS 0x000000008ca00000| PB 0x000000008ca00000| Untracked |  0
| 203|0x000000008cb00000, 0x000000008cb00000, 0x000000008cc00000|  0%| F|  |TAMS 0x000000008cb00000| PB 0x000000008cb00000| Untracked |  0
| 204|0x000000008cc00000, 0x000000008cc00000, 0x000000008cd00000|  0%| F|  |TAMS 0x000000008cc00000| PB 0x000000008cc00000| Untracked |  0
| 205|0x000000008cd00000, 0x000000008cd00000, 0x000000008ce00000|  0%| F|  |TAMS 0x000000008cd00000| PB 0x000000008cd00000| Untracked |  0
| 206|0x000000008ce00000, 0x000000008ce00000, 0x000000008cf00000|  0%| F|  |TAMS 0x000000008ce00000| PB 0x000000008ce00000| Untracked |  0
| 207|0x000000008cf00000, 0x000000008cf00000, 0x000000008d000000|  0%| F|  |TAMS 0x000000008cf00000| PB 0x000000008cf00000| Untracked |  0
| 208|0x000000008d000000, 0x000000008d000000, 0x000000008d100000|  0%| F|  |TAMS 0x000000008d000000| PB 0x000000008d000000| Untracked |  0
| 209|0x000000008d100000, 0x000000008d100000, 0x000000008d200000|  0%| F|  |TAMS 0x000000008d100000| PB 0x000000008d100000| Untracked |  0
| 210|0x000000008d200000, 0x000000008d200000, 0x000000008d300000|  0%| F|  |TAMS 0x000000008d200000| PB 0x000000008d200000| Untracked |  0
| 211|0x000000008d300000, 0x000000008d300000, 0x000000008d400000|  0%| F|  |TAMS 0x000000008d300000| PB 0x000000008d300000| Untracked |  0
| 212|0x000000008d400000, 0x000000008d400000, 0x000000008d500000|  0%| F|  |TAMS 0x000000008d400000| PB 0x000000008d400000| Untracked |  0
| 213|0x000000008d500000, 0x000000008d500000, 0x000000008d600000|  0%| F|  |TAMS 0x000000008d500000| PB 0x000000008d500000| Untracked |  0
| 214|0x000000008d600000, 0x000000008d600000, 0x000000008d700000|  0%| F|  |TAMS 0x000000008d600000| PB 0x000000008d600000| Untracked |  0
| 215|0x000000008d700000, 0x000000008d700000, 0x000000008d800000|  0%| F|  |TAMS 0x000000008d700000| PB 0x000000008d700000| Untracked |  0
| 216|0x000000008d800000, 0x000000008d800000, 0x000000008d900000|  0%| F|  |TAMS 0x000000008d800000| PB 0x000000008d800000| Untracked |  0
| 217|0x000000008d900000, 0x000000008d900000, 0x000000008da00000|  0%| F|  |TAMS 0x000000008d900000| PB 0x000000008d900000| Untracked |  0
| 218|0x000000008da00000, 0x000000008da00000, 0x000000008db00000|  0%| F|  |TAMS 0x000000008da00000| PB 0x000000008da00000| Untracked |  0
| 219|0x000000008db00000, 0x000000008db00000, 0x000000008dc00000|  0%| F|  |TAMS 0x000000008db00000| PB 0x000000008db00000| Untracked |  0
| 220|0x000000008dc00000, 0x000000008dc00000, 0x000000008dd00000|  0%| F|  |TAMS 0x000000008dc00000| PB 0x000000008dc00000| Untracked |  0
| 221|0x000000008dd00000, 0x000000008dd00000, 0x000000008de00000|  0%| F|  |TAMS 0x000000008dd00000| PB 0x000000008dd00000| Untracked |  0
| 222|0x000000008de00000, 0x000000008de00000, 0x000000008df00000|  0%| F|  |TAMS 0x000000008de00000| PB 0x000000008de00000| Untracked |  0
| 223|0x000000008df00000, 0x000000008df00000, 0x000000008e000000|  0%| F|  |TAMS 0x000000008df00000| PB 0x000000008df00000| Untracked |  0
| 224|0x000000008e000000, 0x000000008e000000, 0x000000008e100000|  0%| F|  |TAMS 0x000000008e000000| PB 0x000000008e000000| Untracked |  0
| 225|0x000000008e100000, 0x000000008e100000, 0x000000008e200000|  0%| F|  |TAMS 0x000000008e100000| PB 0x000000008e100000| Untracked |  0
| 226|0x000000008e200000, 0x000000008e200000, 0x000000008e300000|  0%| F|  |TAMS 0x000000008e200000| PB 0x000000008e200000| Untracked |  0
| 227|0x000000008e300000, 0x000000008e300000, 0x000000008e400000|  0%| F|  |TAMS 0x000000008e300000| PB 0x000000008e300000| Untracked |  0
| 228|0x000000008e400000, 0x000000008e400000, 0x000000008e500000|  0%| F|  |TAMS 0x000000008e400000| PB 0x000000008e400000| Untracked |  0
| 229|0x000000008e500000, 0x000000008e500000, 0x000000008e600000|  0%| F|  |TAMS 0x000000008e500000| PB 0x000000008e500000| Untracked |  0
| 230|0x000000008e600000, 0x000000008e600000, 0x000000008e700000|  0%| F|  |TAMS 0x000000008e600000| PB 0x000000008e600000| Untracked |  0
| 231|0x000000008e700000, 0x000000008e700000, 0x000000008e800000|  0%| F|  |TAMS 0x000000008e700000| PB 0x000000008e700000| Untracked |  0
| 232|0x000000008e800000, 0x000000008e800000, 0x000000008e900000|  0%| F|  |TAMS 0x000000008e800000| PB 0x000000008e800000| Untracked |  0
| 233|0x000000008e900000, 0x000000008e900000, 0x000000008ea00000|  0%| F|  |TAMS 0x000000008e900000| PB 0x000000008e900000| Untracked |  0
| 234|0x000000008ea00000, 0x000000008ea00000, 0x000000008eb00000|  0%| F|  |TAMS 0x000000008ea00000| PB 0x000000008ea00000| Untracked |  0
| 235|0x000000008eb00000, 0x000000008eb00000, 0x000000008ec00000|  0%| F|  |TAMS 0x000000008eb00000| PB 0x000000008eb00000| Untracked |  0
| 236|0x000000008ec00000, 0x000000008ec00000, 0x000000008ed00000|  0%| F|  |TAMS 0x000000008ec00000| PB 0x000000008ec00000| Untracked |  0
| 237|0x000000008ed00000, 0x000000008ed00000, 0x000000008ee00000|  0%| F|  |TAMS 0x000000008ed00000| PB 0x000000008ed00000| Untracked |  0
| 238|0x000000008ee00000, 0x000000008ee00000, 0x000000008ef00000|  0%| F|  |TAMS 0x000000008ee00000| PB 0x000000008ee00000| Untracked |  0
| 239|0x000000008ef00000, 0x000000008ef00000, 0x000000008f000000|  0%| F|  |TAMS 0x000000008ef00000| PB 0x000000008ef00000| Untracked |  0
| 240|0x000000008f000000, 0x000000008f000000, 0x000000008f100000|  0%| F|  |TAMS 0x000000008f000000| PB 0x000000008f000000| Untracked |  0
| 241|0x000000008f100000, 0x000000008f100000, 0x000000008f200000|  0%| F|  |TAMS 0x000000008f100000| PB 0x000000008f100000| Untracked |  0
| 242|0x000000008f200000, 0x000000008f200000, 0x000000008f300000|  0%| F|  |TAMS 0x000000008f200000| PB 0x000000008f200000| Untracked |  0
| 243|0x000000008f300000, 0x000000008f300000, 0x000000008f400000|  0%| F|  |TAMS 0x000000008f300000| PB 0x000000008f300000| Untracked |  0
| 244|0x000000008f400000, 0x000000008f400000, 0x000000008f500000|  0%| F|  |TAMS 0x000000008f400000| PB 0x000000008f400000| Untracked |  0
| 245|0x000000008f500000, 0x000000008f500000, 0x000000008f600000|  0%| F|  |TAMS 0x000000008f500000| PB 0x000000008f500000| Untracked |  0
| 246|0x000000008f600000, 0x000000008f600000, 0x000000008f700000|  0%| F|  |TAMS 0x000000008f600000| PB 0x000000008f600000| Untracked |  0
| 247|0x000000008f700000, 0x000000008f700000, 0x000000008f800000|  0%| F|  |TAMS 0x000000008f700000| PB 0x000000008f700000| Untracked |  0
| 248|0x000000008f800000, 0x000000008f800000, 0x000000008f900000|  0%| F|  |TAMS 0x000000008f800000| PB 0x000000008f800000| Untracked |  0
| 249|0x000000008f900000, 0x000000008f900000, 0x000000008fa00000|  0%| F|  |TAMS 0x000000008f900000| PB 0x000000008f900000| Untracked |  0
| 250|0x000000008fa00000, 0x000000008fa00000, 0x000000008fb00000|  0%| F|  |TAMS 0x000000008fa00000| PB 0x000000008fa00000| Untracked |  0
| 251|0x000000008fb00000, 0x000000008fb00000, 0x000000008fc00000|  0%| F|  |TAMS 0x000000008fb00000| PB 0x000000008fb00000| Untracked |  0
| 252|0x000000008fc00000, 0x000000008fc00000, 0x000000008fd00000|  0%| F|  |TAMS 0x000000008fc00000| PB 0x000000008fc00000| Untracked |  0
| 253|0x000000008fd00000, 0x000000008fd00000, 0x000000008fe00000|  0%| F|  |TAMS 0x000000008fd00000| PB 0x000000008fd00000| Untracked |  0
| 254|0x000000008fe00000, 0x000000008fe00000, 0x000000008ff00000|  0%| F|  |TAMS 0x000000008fe00000| PB 0x000000008fe00000| Untracked |  0
| 255|0x000000008ff00000, 0x000000008ff00000, 0x0000000090000000|  0%| F|  |TAMS 0x000000008ff00000| PB 0x000000008ff00000| Untracked |  0
| 256|0x0000000090000000, 0x0000000090000000, 0x0000000090100000|  0%| F|  |TAMS 0x0000000090000000| PB 0x0000000090000000| Untracked |  0
| 257|0x0000000090100000, 0x0000000090100000, 0x0000000090200000|  0%| F|  |TAMS 0x0000000090100000| PB 0x0000000090100000| Untracked |  0
| 258|0x0000000090200000, 0x0000000090200000, 0x0000000090300000|  0%| F|  |TAMS 0x0000000090200000| PB 0x0000000090200000| Untracked |  0
| 259|0x0000000090300000, 0x0000000090380000, 0x0000000090400000| 50%| E|  |TAMS 0x0000000090300000| PB 0x0000000090300000| Complete |  0
| 260|0x0000000090400000, 0x0000000090500000, 0x0000000090500000|100%| E|CS|TAMS 0x0000000090400000| PB 0x0000000090400000| Complete |  0
| 261|0x0000000090500000, 0x0000000090600000, 0x0000000090600000|100%| E|CS|TAMS 0x0000000090500000| PB 0x0000000090500000| Complete |  0
| 262|0x0000000090600000, 0x0000000090700000, 0x0000000090700000|100%| E|CS|TAMS 0x0000000090600000| PB 0x0000000090600000| Complete |  0
| 263|0x0000000090700000, 0x0000000090800000, 0x0000000090800000|100%| E|CS|TAMS 0x0000000090700000| PB 0x0000000090700000| Complete |  0
| 264|0x0000000090800000, 0x0000000090900000, 0x0000000090900000|100%| E|CS|TAMS 0x0000000090800000| PB 0x0000000090800000| Complete |  0
| 265|0x0000000090900000, 0x0000000090a00000, 0x0000000090a00000|100%| E|CS|TAMS 0x0000000090900000| PB 0x0000000090900000| Complete |  0
| 266|0x0000000090a00000, 0x0000000090b00000, 0x0000000090b00000|100%| E|CS|TAMS 0x0000000090a00000| PB 0x0000000090a00000| Complete |  0
| 267|0x0000000090b00000, 0x0000000090c00000, 0x0000000090c00000|100%| E|CS|TAMS 0x0000000090b00000| PB 0x0000000090b00000| Complete |  0
| 268|0x0000000090c00000, 0x0000000090d00000, 0x0000000090d00000|100%| E|CS|TAMS 0x0000000090c00000| PB 0x0000000090c00000| Complete |  0
| 269|0x0000000090d00000, 0x0000000090e00000, 0x0000000090e00000|100%| E|CS|TAMS 0x0000000090d00000| PB 0x0000000090d00000| Complete |  0
| 270|0x0000000090e00000, 0x0000000090f00000, 0x0000000090f00000|100%| E|CS|TAMS 0x0000000090e00000| PB 0x0000000090e00000| Complete |  0
| 271|0x0000000090f00000, 0x0000000091000000, 0x0000000091000000|100%| E|CS|TAMS 0x0000000090f00000| PB 0x0000000090f00000| Complete |  0
| 272|0x0000000091000000, 0x0000000091100000, 0x0000000091100000|100%| E|CS|TAMS 0x0000000091000000| PB 0x0000000091000000| Complete |  0
| 273|0x0000000091100000, 0x0000000091200000, 0x0000000091200000|100%| E|CS|TAMS 0x0000000091100000| PB 0x0000000091100000| Complete |  0
|2027|0x00000000feb00000, 0x00000000fec00000, 0x00000000fec00000|100%| O|  |TAMS 0x00000000feb00000| PB 0x00000000feb00000| Untracked |  0
|2028|0x00000000fec00000, 0x00000000fed00000, 0x00000000fed00000|100%| O|  |TAMS 0x00000000fec00000| PB 0x00000000fec00000| Untracked |  0
|2029|0x00000000fed00000, 0x00000000fee00000, 0x00000000fee00000|100%| O|  |TAMS 0x00000000fed00000| PB 0x00000000fed00000| Untracked |  0
|2030|0x00000000fee00000, 0x00000000fef00000, 0x00000000fef00000|100%| O|  |TAMS 0x00000000fee00000| PB 0x00000000fee00000| Untracked |  0
|2031|0x00000000fef00000, 0x00000000ff000000, 0x00000000ff000000|100%| O|  |TAMS 0x00000000fef00000| PB 0x00000000fef00000| Untracked |  0
|2032|0x00000000ff000000, 0x00000000ff100000, 0x00000000ff100000|100%| O|  |TAMS 0x00000000ff000000| PB 0x00000000ff000000| Untracked |  0
|2033|0x00000000ff100000, 0x00000000ff200000, 0x00000000ff200000|100%| O|  |TAMS 0x00000000ff100000| PB 0x00000000ff100000| Untracked |  0
|2034|0x00000000ff200000, 0x00000000ff300000, 0x00000000ff300000|100%| O|  |TAMS 0x00000000ff200000| PB 0x00000000ff200000| Untracked |  0
|2035|0x00000000ff300000, 0x00000000ff400000, 0x00000000ff400000|100%| O|  |TAMS 0x00000000ff300000| PB 0x00000000ff300000| Untracked |  0
|2036|0x00000000ff400000, 0x00000000ff500000, 0x00000000ff500000|100%| O|  |TAMS 0x00000000ff400000| PB 0x00000000ff400000| Untracked |  0
|2037|0x00000000ff500000, 0x00000000ff600000, 0x00000000ff600000|100%| E|CS|TAMS 0x00000000ff500000| PB 0x00000000ff500000| Complete |  0
|2038|0x00000000ff600000, 0x00000000ff700000, 0x00000000ff700000|100%| O|  |TAMS 0x00000000ff600000| PB 0x00000000ff600000| Untracked |  0
|2039|0x00000000ff700000, 0x00000000ff800000, 0x00000000ff800000|100%| E|CS|TAMS 0x00000000ff700000| PB 0x00000000ff700000| Complete |  0
|2040|0x00000000ff800000, 0x00000000ff900000, 0x00000000ff900000|100%| O|  |TAMS 0x00000000ff800000| PB 0x00000000ff800000| Untracked |  0
|2041|0x00000000ff900000, 0x00000000ffa00000, 0x00000000ffa00000|100%| O|  |TAMS 0x00000000ff900000| PB 0x00000000ff900000| Untracked |  0
|2042|0x00000000ffa00000, 0x00000000ffb00000, 0x00000000ffb00000|100%| O|  |TAMS 0x00000000ffa00000| PB 0x00000000ffa00000| Untracked |  0
|2043|0x00000000ffb00000, 0x00000000ffc00000, 0x00000000ffc00000|100%| O|  |TAMS 0x00000000ffb00000| PB 0x00000000ffb00000| Untracked |  0
|2044|0x00000000ffc00000, 0x00000000ffd00000, 0x00000000ffd00000|100%| O|  |TAMS 0x00000000ffc00000| PB 0x00000000ffc00000| Untracked |  0
|2045|0x00000000ffd00000, 0x00000000ffe00000, 0x00000000ffe00000|100%| O|  |TAMS 0x00000000ffd00000| PB 0x00000000ffd00000| Untracked |  0
|2046|0x00000000ffe00000, 0x00000000fff00000, 0x00000000fff00000|100%| O|  |TAMS 0x00000000ffe00000| PB 0x00000000ffe00000| Untracked |  0
|2047|0x00000000fff00000, 0x0000000100000000, 0x0000000100000000|100%| O|  |TAMS 0x00000000fff00000| PB 0x00000000fff00000| Untracked |  0

Card table byte_map: [0x0000016415540000,0x0000016415940000] _byte_map_base: 0x0000016415140000

Marking Bits: (CMBitMap*) 0x000001640231db70
 Bits: [0x0000016415940000, 0x0000016417940000)

Polling page: 0x00000164003a0000

Metaspace:
Metaspace        used 174785K, committed 177216K, reserved 1245184K
 class space     used 24209K, committed 25344K, reserved 1048576K

Usage:
  Non-class:    147.05 MB used.
      Class:     23.64 MB used.
       Both:    170.69 MB used.

Virtual space:
  Non-class space:      192.00 MB reserved,     148.31 MB ( 77%) committed,  3 nodes.
      Class space:        1.00 GB reserved,      24.75 MB (  2%) committed,  1 nodes.
             Both:        1.19 GB reserved,     173.06 MB ( 14%) committed. 

Chunk freelists:
   Non-Class:  11.03 MB
       Class:  7.28 MB
        Both:  18.31 MB

MaxMetaspaceSize: unlimited
CompressedClassSpaceSize: 1.00 GB
Initial GC threshold: 21.00 MB
Current GC threshold: 270.62 MB
CDS: off
 - commit_granule_bytes: 65536.
 - commit_granule_words: 8192.
 - virtual_space_node_default_size: 8388608.
 - enlarge_chunks_in_place: 1.
UseCompressedClassPointers 1, UseCompactObjectHeaders 0
Narrow klass pointer bits 32, Max shift 3
Narrow klass base: 0x0000000000000000, Narrow klass shift: 0
Encoding Range: [0x0000000000000000 - 0x0000000100000000), (4294967296 bytes)
Klass Range:    [0x000000001c000000 - 0x000000005c000000), (1073741824 bytes)
Klass ID Range:  [469762048 - 1543503865) (1073741817)
No protection zone.


Internal statistics:

num_allocs_failed_limit: 6.
num_arena_births: 4450.
num_arena_deaths: 0.
num_vsnodes_births: 4.
num_vsnodes_deaths: 0.
num_space_committed: 2767.
num_space_uncommitted: 0.
num_chunks_returned_to_freelist: 6.
num_chunks_taken_from_freelist: 11212.
num_chunk_merges: 3.
num_chunk_splits: 7947.
num_chunks_enlarged: 5710.
num_inconsistent_stats: 0.

CodeHeap 'non-profiled nmethods': size=119232Kb used=7234Kb max_used=7814Kb free=111997Kb
 bounds [0x000001640d340000, 0x000001640daf0000, 0x00000164147b0000]
CodeHeap 'profiled nmethods': size=119104Kb used=21923Kb max_used=22657Kb free=97180Kb
 bounds [0x00000164057b0000, 0x0000016406de0000, 0x000001640cc00000]
CodeHeap 'non-nmethods': size=7424Kb used=3953Kb max_used=4020Kb free=3470Kb
 bounds [0x000001640cc00000, 0x000001640d010000, 0x000001640d340000]
CodeCache: size=245760Kb, used=33110Kb, max_used=34491Kb, free=212647Kb
 total_blobs=16404, nmethods=15313, adapters=988, full_count=0
Compilation: enabled, stopped_count=0, restarted_count=0

Compilation events (20 events):
Event: 52.436 Thread 0x0000016422f5e8f0 nmethod 18422 0x00000164061fae08 code [0x00000164061faf00, 0x00000164061fb110]
Event: 52.436 Thread 0x0000016422f5e8f0 18426       3       jdk.internal.jrtfs.JrtFileSystem$$Lambda/0x000000001d660000::test (12 bytes)
Event: 52.436 Thread 0x0000016422f5e8f0 nmethod 18426 0x0000016405feeb08 code [0x0000016405feec00, 0x0000016405feef20]
Event: 52.436 Thread 0x0000016422f5e8f0 18427   !   3       jdk.internal.jrtfs.JrtFileSystem::lambda$iteratorOf$2 (11 bytes)
Event: 52.436 Thread 0x000001641ab5cac0 nmethod 18423 0x000001640622dc08 code [0x000001640622dd00, 0x000001640622e260]
Event: 52.436 Thread 0x000001641ab5cac0 18428       3       java.util.stream.StreamSpliterators$WrappingSpliterator$$Lambda/0x000000001c7d21b0::accept (9 bytes)
Event: 52.436 Thread 0x0000016422f5e8f0 nmethod 18427 0x0000016406359d08 code [0x0000016406359e00, 0x0000016406359fe8]
Event: 52.436 Thread 0x0000016422f5e8f0 18430       3       jdk.internal.jrtfs.JrtDirectoryStream$1::next (5 bytes)
Event: 52.436 Thread 0x000001641ab5cac0 nmethod 18428 0x0000016406364f88 code [0x0000016406365080, 0x0000016406365248]
Event: 52.436 Thread 0x0000016422f5e8f0 nmethod 18430 0x0000016406370508 code [0x0000016406370600, 0x0000016406370750]
Event: 52.436 Thread 0x000001641ab5cac0 18429       3       java.util.stream.SpinedBuffer::get (123 bytes)
Event: 52.436 Thread 0x0000016422f5e8f0 18431   !   3       jdk.internal.jrtfs.JrtDirectoryStream$1::next (48 bytes)
Event: 52.437 Thread 0x0000016422f86b60 nmethod 18425 0x0000016406b78488 code [0x0000016406b78580, 0x0000016406b79270]
Event: 52.437 Thread 0x0000016422f5e8f0 nmethod 18431 0x0000016406313e88 code [0x0000016406313f80, 0x00000164063144d0]
Event: 52.437 Thread 0x000001641ab5cac0 nmethod 18429 0x00000164064b6688 code [0x00000164064b6780, 0x00000164064b6ec0]
Event: 52.438 Thread 0x0000016422f5e8f0 18432       3       org.jetbrains.kotlin.cli.jvm.modules.CoreJrtVirtualFile::<init> (57 bytes)
Event: 52.438 Thread 0x000001641ab5cac0 18433       3       org.jetbrains.kotlin.cli.jvm.modules.CoreJrtVirtualFile$$Lambda/0x000000001d656a70::<init> (10 bytes)
Event: 52.438 Thread 0x000001641ab5cac0 nmethod 18433 0x000001640641b088 code [0x000001640641b180, 0x000001640641b330]
Event: 52.438 Thread 0x0000016422f89bc0 nmethod 18424 0x0000016406adff88 code [0x0000016406ae0080, 0x0000016406ae2140]
Event: 52.439 Thread 0x0000016422f5e8f0 nmethod 18432 0x00000164059f7f08 code [0x00000164059f8000, 0x00000164059f98c0]

GC Heap Usage History (20 events):
Event: 29.106 {heap Before GC invocations=51 (full 0):
 garbage-first heap   total reserved 2097152K, committed 234496K, used 192127K [0x0000000080000000, 0x0000000100000000)
  region size 1024K, 55 young (56320K), 3 survivors (3072K)
}
Event: 29.109 {heap After GC invocations=52 (full 0):
 garbage-first heap   total reserved 2097152K, committed 234496K, used 137618K [0x0000000080000000, 0x0000000100000000)
  region size 1024K, 3 young (3072K), 3 survivors (3072K)
}
Event: 31.086 {heap Before GC invocations=52 (full 0):
 garbage-first heap   total reserved 2097152K, committed 234496K, used 207250K [0x0000000080000000, 0x0000000100000000)
  region size 1024K, 71 young (72704K), 3 survivors (3072K)
}
Event: 31.091 {heap After GC invocations=53 (full 0):
 garbage-first heap   total reserved 2097152K, committed 234496K, used 140225K [0x0000000080000000, 0x0000000100000000)
  region size 1024K, 7 young (7168K), 7 survivors (7168K)
}
Event: 33.453 {heap Before GC invocations=53 (full 0):
 garbage-first heap   total reserved 2097152K, committed 234496K, used 210881K [0x0000000080000000, 0x0000000100000000)
  region size 1024K, 77 young (78848K), 7 survivors (7168K)
}
Event: 33.459 {heap After GC invocations=54 (full 0):
 garbage-first heap   total reserved 2097152K, committed 234496K, used 147371K [0x0000000080000000, 0x0000000100000000)
  region size 1024K, 10 young (10240K), 10 survivors (10240K)
}
Event: 33.880 {heap Before GC invocations=55 (full 0):
 garbage-first heap   total reserved 2097152K, committed 245760K, used 212907K [0x0000000080000000, 0x0000000100000000)
  region size 1024K, 75 young (76800K), 10 survivors (10240K)
}
Event: 33.885 {heap After GC invocations=56 (full 0):
 garbage-first heap   total reserved 2097152K, committed 245760K, used 154777K [0x0000000080000000, 0x0000000100000000)
  region size 1024K, 7 young (7168K), 7 survivors (7168K)
}
Event: 34.613 {heap Before GC invocations=56 (full 0):
 garbage-first heap   total reserved 2097152K, committed 245760K, used 224409K [0x0000000080000000, 0x0000000100000000)
  region size 1024K, 75 young (76800K), 7 survivors (7168K)
}
Event: 34.619 {heap After GC invocations=57 (full 0):
 garbage-first heap   total reserved 2097152K, committed 245760K, used 156884K [0x0000000080000000, 0x0000000100000000)
  region size 1024K, 8 young (8192K), 8 survivors (8192K)
}
Event: 35.550 {heap Before GC invocations=57 (full 0):
 garbage-first heap   total reserved 2097152K, committed 245760K, used 223444K [0x0000000080000000, 0x0000000100000000)
  region size 1024K, 74 young (75776K), 8 survivors (8192K)
}
Event: 35.553 {heap After GC invocations=58 (full 0):
 garbage-first heap   total reserved 2097152K, committed 245760K, used 160011K [0x0000000080000000, 0x0000000100000000)
  region size 1024K, 4 young (4096K), 4 survivors (4096K)
}
Event: 47.611 {heap Before GC invocations=59 (full 0):
 garbage-first heap   total reserved 2097152K, committed 268288K, used 227595K [0x0000000080000000, 0x0000000100000000)
  region size 1024K, 70 young (71680K), 4 survivors (4096K)
}
Event: 47.615 {heap After GC invocations=60 (full 0):
 garbage-first heap   total reserved 2097152K, committed 268288K, used 162669K [0x0000000080000000, 0x0000000100000000)
  region size 1024K, 6 young (6144K), 6 survivors (6144K)
}
Event: 49.480 {heap Before GC invocations=60 (full 0):
 garbage-first heap   total reserved 2097152K, committed 268288K, used 249709K [0x0000000080000000, 0x0000000100000000)
  region size 1024K, 91 young (93184K), 6 survivors (6144K)
}
Event: 49.486 {heap After GC invocations=61 (full 0):
 garbage-first heap   total reserved 2097152K, committed 268288K, used 164644K [0x0000000080000000, 0x0000000100000000)
  region size 1024K, 11 young (11264K), 11 survivors (11264K)
}
Event: 50.708 {heap Before GC invocations=61 (full 0):
 garbage-first heap   total reserved 2097152K, committed 268288K, used 249636K [0x0000000080000000, 0x0000000100000000)
  region size 1024K, 95 young (97280K), 11 survivors (11264K)
}
Event: 50.720 {heap After GC invocations=62 (full 0):
 garbage-first heap   total reserved 2097152K, committed 278528K, used 181225K [0x0000000080000000, 0x0000000100000000)
  region size 1024K, 12 young (12288K), 12 survivors (12288K)
}
Event: 52.291 {heap Before GC invocations=63 (full 0):
 garbage-first heap   total reserved 2097152K, committed 302080K, used 254953K [0x0000000080000000, 0x0000000100000000)
  region size 1024K, 85 young (87040K), 12 survivors (12288K)
}
Event: 52.299 {heap After GC invocations=64 (full 0):
 garbage-first heap   total reserved 2097152K, committed 302080K, used 187721K [0x0000000080000000, 0x0000000100000000)
  region size 1024K, 5 young (5120K), 5 survivors (5120K)
}

Metaspace Usage History (20 events):
Event: 29.106 {metaspace Before GC invocations=51 (full 0):
 Metaspace       used 118089K, committed 120256K, reserved 1179648K
  class space    used 17041K, committed 18048K, reserved 1048576K
}
Event: 29.109 {metaspace After GC invocations=52 (full 0):
 Metaspace       used 118089K, committed 120256K, reserved 1179648K
  class space    used 17041K, committed 18048K, reserved 1048576K
}
Event: 31.086 {metaspace Before GC invocations=52 (full 0):
 Metaspace       used 123654K, committed 125888K, reserved 1179648K
  class space    used 17831K, committed 18880K, reserved 1048576K
}
Event: 31.091 {metaspace After GC invocations=53 (full 0):
 Metaspace       used 123654K, committed 125888K, reserved 1179648K
  class space    used 17831K, committed 18880K, reserved 1048576K
}
Event: 33.453 {metaspace Before GC invocations=53 (full 0):
 Metaspace       used 126477K, committed 128768K, reserved 1179648K
  class space    used 18130K, committed 19200K, reserved 1048576K
}
Event: 33.459 {metaspace After GC invocations=54 (full 0):
 Metaspace       used 126477K, committed 128768K, reserved 1179648K
  class space    used 18130K, committed 19200K, reserved 1048576K
}
Event: 33.880 {metaspace Before GC invocations=55 (full 0):
 Metaspace       used 126994K, committed 129216K, reserved 1179648K
  class space    used 18182K, committed 19264K, reserved 1048576K
}
Event: 33.885 {metaspace After GC invocations=56 (full 0):
 Metaspace       used 126994K, committed 129216K, reserved 1179648K
  class space    used 18182K, committed 19264K, reserved 1048576K
}
Event: 34.613 {metaspace Before GC invocations=56 (full 0):
 Metaspace       used 130488K, committed 132736K, reserved 1179648K
  class space    used 18596K, committed 19648K, reserved 1048576K
}
Event: 34.619 {metaspace After GC invocations=57 (full 0):
 Metaspace       used 130488K, committed 132736K, reserved 1179648K
  class space    used 18596K, committed 19648K, reserved 1048576K
}
Event: 35.550 {metaspace Before GC invocations=57 (full 0):
 Metaspace       used 137213K, committed 139520K, reserved 1179648K
  class space    used 19304K, committed 20416K, reserved 1048576K
}
Event: 35.553 {metaspace After GC invocations=58 (full 0):
 Metaspace       used 137213K, committed 139520K, reserved 1179648K
  class space    used 19304K, committed 20416K, reserved 1048576K
}
Event: 47.611 {metaspace Before GC invocations=59 (full 0):
 Metaspace       used 144355K, committed 146624K, reserved 1179648K
  class space    used 20665K, committed 21696K, reserved 1048576K
}
Event: 47.615 {metaspace After GC invocations=60 (full 0):
 Metaspace       used 144355K, committed 146624K, reserved 1179648K
  class space    used 20665K, committed 21696K, reserved 1048576K
}
Event: 49.480 {metaspace Before GC invocations=60 (full 0):
 Metaspace       used 156636K, committed 159040K, reserved 1245184K
  class space    used 22218K, committed 23360K, reserved 1048576K
}
Event: 49.486 {metaspace After GC invocations=61 (full 0):
 Metaspace       used 156636K, committed 159040K, reserved 1245184K
  class space    used 22218K, committed 23360K, reserved 1048576K
}
Event: 50.708 {metaspace Before GC invocations=61 (full 0):
 Metaspace       used 163662K, committed 166016K, reserved 1245184K
  class space    used 22993K, committed 24128K, reserved 1048576K
}
Event: 50.720 {metaspace After GC invocations=62 (full 0):
 Metaspace       used 163662K, committed 166016K, reserved 1245184K
  class space    used 22993K, committed 24128K, reserved 1048576K
}
Event: 52.291 {metaspace Before GC invocations=63 (full 0):
 Metaspace       used 173553K, committed 175872K, reserved 1245184K
  class space    used 24044K, committed 25152K, reserved 1048576K
}
Event: 52.299 {metaspace After GC invocations=64 (full 0):
 Metaspace       used 173553K, committed 175872K, reserved 1245184K
  class space    used 24044K, committed 25152K, reserved 1048576K
}

Dll operation events (3 events):
Event: 0.009 Loaded shared library C:\Program Files\Android\Android Studio\jbr\bin\java.dll
Event: 0.013 Loaded shared library C:\Program Files\Android\Android Studio\jbr\bin\zip.dll
Event: 0.622 Loaded shared library C:\Program Files\Android\Android Studio\jbr\bin\verify.dll

Deoptimization events (20 events):
Event: 51.600 Thread 0x00000164224d4af0 DEOPT PACKING pc=0x000001640d9eea34 sp=0x00000033bb5f1ae0
Event: 51.600 Thread 0x00000164224d4af0 DEOPT UNPACKING pc=0x000001640cd18582 sp=0x00000033bb5f1ab8 mode 2
Event: 51.639 Thread 0x00000164224d4af0 Uncommon trap: trap_request=0xffffff45 fr.pc=0x000001640da7ce74 relative=0x00000000000002f4
Event: 51.639 Thread 0x00000164224d4af0 Uncommon trap: reason=unstable_if action=reinterpret pc=0x000001640da7ce74 method=org.jetbrains.org.objectweb.asm.ClassReader.readUtf(II[C)Ljava/lang/String; @ 26 c2
Event: 51.639 Thread 0x00000164224d4af0 DEOPT PACKING pc=0x000001640da7ce74 sp=0x00000033bb5f1c90
Event: 51.639 Thread 0x00000164224d4af0 DEOPT UNPACKING pc=0x000001640cd18582 sp=0x00000033bb5f1ba0 mode 2
Event: 51.644 Thread 0x00000164224d4af0 Uncommon trap: trap_request=0xffffff45 fr.pc=0x000001640dae0488 relative=0x0000000000000508
Event: 51.644 Thread 0x00000164224d4af0 Uncommon trap: reason=unstable_if action=reinterpret pc=0x000001640dae0488 method=org.jetbrains.kotlin.metadata.ProtoBuf$Type$Argument.hasType()Z @ 7 c2
Event: 51.644 Thread 0x00000164224d4af0 DEOPT PACKING pc=0x000001640dae0488 sp=0x00000033bb5f2340
Event: 51.644 Thread 0x00000164224d4af0 DEOPT UNPACKING pc=0x000001640cd18582 sp=0x00000033bb5f2218 mode 2
Event: 51.645 Thread 0x00000164224d4af0 Uncommon trap: trap_request=0xffffff45 fr.pc=0x000001640da7a24c relative=0x000000000000024c
Event: 51.645 Thread 0x00000164224d4af0 Uncommon trap: reason=unstable_if action=reinterpret pc=0x000001640da7a24c method=org.jetbrains.org.objectweb.asm.ClassReader.readUtf(II[C)Ljava/lang/String; @ 26 c2
Event: 51.645 Thread 0x00000164224d4af0 DEOPT PACKING pc=0x000001640da7a24c sp=0x00000033bb5f1bf0
Event: 51.645 Thread 0x00000164224d4af0 DEOPT UNPACKING pc=0x000001640cd18582 sp=0x00000033bb5f1b98 mode 2
Event: 51.647 Thread 0x00000164224d4af0 Uncommon trap: trap_request=0xffffff45 fr.pc=0x000001640d813af8 relative=0x0000000000001878
Event: 51.647 Thread 0x00000164224d4af0 Uncommon trap: reason=unstable_if action=reinterpret pc=0x000001640d813af8 method=org.jetbrains.kotlin.metadata.ProtoBuf$Type.<init>(Lorg/jetbrains/kotlin/protobuf/CodedInputStream;Lorg/jetbrains/kotlin/protobuf/ExtensionRegistryLite;)V @ 49 c2
Event: 51.647 Thread 0x00000164224d4af0 DEOPT PACKING pc=0x000001640d813af8 sp=0x00000033bb5f1df0
Event: 51.647 Thread 0x00000164224d4af0 DEOPT UNPACKING pc=0x000001640cd18582 sp=0x00000033bb5f1d78 mode 2
Event: 52.299 Thread 0x0000016420fb2100 DEOPT PACKING pc=0x00000164068e80a4 sp=0x00000033be4ff1f0
Event: 52.299 Thread 0x0000016420fb2100 DEOPT UNPACKING pc=0x000001640cc51702 sp=0x00000033be4fe6b0 mode 0

Classes loaded (20 events):
Event: 49.070 Loading class java/nio/charset/IllegalCharsetNameException
Event: 49.071 Loading class java/nio/charset/IllegalCharsetNameException done
Event: 49.071 Loading class sun/nio/cs/MS1251
Event: 49.071 Loading class sun/nio/cs/MS1251 done
Event: 49.423 Loading class java/beans/PropertyChangeSupport
Event: 49.424 Loading class java/beans/PropertyChangeSupport done
Event: 49.424 Loading class java/beans/PropertyChangeSupport$PropertyChangeListenerMap
Event: 49.424 Loading class java/beans/ChangeListenerMap
Event: 49.424 Loading class java/beans/ChangeListenerMap done
Event: 49.424 Loading class java/beans/PropertyChangeSupport$PropertyChangeListenerMap done
Event: 49.433 Loading class java/util/concurrent/locks/AbstractQueuedLongSynchronizer$Node
Event: 49.434 Loading class java/util/concurrent/locks/AbstractQueuedLongSynchronizer$Node done
Event: 49.615 Loading class java/util/regex/Pattern$Bound
Event: 49.615 Loading class java/util/regex/Pattern$Bound done
Event: 51.956 Loading class java/text/StringCharacterIterator
Event: 51.956 Loading class java/text/CharacterIterator
Event: 51.956 Loading class java/text/CharacterIterator done
Event: 51.956 Loading class java/text/StringCharacterIterator done
Event: 52.303 Loading class java/util/PriorityQueue
Event: 52.304 Loading class java/util/PriorityQueue done

Classes unloaded (0 events):
No events

Classes redefined (0 events):
No events

Internal exceptions (20 events):
Event: 47.868 Thread 0x00000164224d4af0 Exception <a 'java/lang/NoSuchMethodError'{0x000000008ee8f0b0}: 'java.lang.Object java.lang.invoke.DirectMethodHandle$Holder.invokeSpecial(java.lang.Object, java.lang.Object, java.lang.Object, java.lang.Object, long)'> (0x000000008ee8f0b0) 
thrown [s\src\hotspot\share\interpreter\linkResolver.cpp, line 815]
Event: 47.869 Thread 0x00000164224d4af0 Exception <a 'java/lang/NoSuchMethodError'{0x000000008eeb1798}: 'int java.lang.invoke.DelegatingMethodHandle$Holder.reinvoke_L(java.lang.Object, java.lang.Object, java.lang.Object, long, java.lang.Object, java.lang.Object)'> (0x000000008eeb1798) 
thrown [s\src\hotspot\share\interpreter\linkResolver.cpp, line 815]
Event: 47.870 Thread 0x00000164224d4af0 Exception <a 'java/lang/NoSuchMethodError'{0x000000008eed37f0}: 'int java.lang.invoke.DelegatingMethodHandle$Holder.reinvoke_L(java.lang.Object, java.lang.Object, java.lang.Object, long, int, int)'> (0x000000008eed37f0) 
thrown [s\src\hotspot\share\interpreter\linkResolver.cpp, line 815]
Event: 47.871 Thread 0x00000164224d4af0 Exception <a 'java/lang/NoSuchMethodError'{0x000000008eef5698}: 'int java.lang.invoke.DelegatingMethodHandle$Holder.reinvoke_L(java.lang.Object, java.lang.Object, java.lang.Object, long, long, long)'> (0x000000008eef5698) 
thrown [s\src\hotspot\share\interpreter\linkResolver.cpp, line 815]
Event: 47.871 Thread 0x00000164224d4af0 Exception <a 'java/lang/NoSuchMethodError'{0x000000008ed18158}: 'int java.lang.invoke.DelegatingMethodHandle$Holder.reinvoke_L(java.lang.Object, java.lang.Object, java.lang.Object, long, int)'> (0x000000008ed18158) 
thrown [s\src\hotspot\share\interpreter\linkResolver.cpp, line 815]
Event: 47.872 Thread 0x00000164224d4af0 Exception <a 'java/lang/NoSuchMethodError'{0x000000008ed31be8}: 'long java.lang.invoke.DelegatingMethodHandle$Holder.reinvoke_L(java.lang.Object, java.lang.Object, java.lang.Object)'> (0x000000008ed31be8) 
thrown [s\src\hotspot\share\interpreter\linkResolver.cpp, line 815]
Event: 47.872 Thread 0x00000164224d4af0 Exception <a 'java/lang/NoSuchMethodError'{0x000000008ed54000}: 'void java.lang.invoke.DelegatingMethodHandle$Holder.reinvoke_L(java.lang.Object, java.lang.Object, java.lang.Object, long, java.lang.Object, long, long)'> (0x000000008ed54000) 
thrown [s\src\hotspot\share\interpreter\linkResolver.cpp, line 815]
Event: 48.238 Thread 0x00000164224d4af0 Exception <a 'sun/nio/fs/WindowsException'{0x000000008e166788}> (0x000000008e166788) 
thrown [s\src\hotspot\share\prims\jni.cpp, line 535]
Event: 48.775 Thread 0x00000164224d4af0 Exception <a 'java/lang/NoSuchMethodError'{0x000000008c777f18}: 'java.lang.Object java.lang.invoke.DirectMethodHandle$Holder.invokeStatic(java.lang.Object, java.lang.Object, java.lang.Object, java.lang.Object, int, java.lang.Object)'> (0x000000008c777f18) 
thrown [s\src\hotspot\share\interpreter\linkResolver.cpp, line 815]
Event: 48.852 Thread 0x00000164224d4af0 Exception <a 'java/lang/NoSuchMethodError'{0x000000008c6c5a48}: 'long java.lang.invoke.DirectMethodHandle$Holder.invokeStatic(java.lang.Object, java.lang.Object, int)'> (0x000000008c6c5a48) 
thrown [s\src\hotspot\share\interpreter\linkResolver.cpp, line 815]
Event: 48.853 Thread 0x00000164224d4af0 Exception <a 'java/lang/NoSuchMethodError'{0x000000008c6d76a0}: 'long java.lang.invoke.DelegatingMethodHandle$Holder.reinvoke_L(java.lang.Object, java.lang.Object, int)'> (0x000000008c6d76a0) 
thrown [s\src\hotspot\share\interpreter\linkResolver.cpp, line 815]
Event: 48.854 Thread 0x00000164224d4af0 Exception <a 'java/lang/NoSuchMethodError'{0x000000008c6f1328}: 'java.lang.Object java.lang.invoke.DelegatingMethodHandle$Holder.reinvoke_L(java.lang.Object, int, long, java.lang.Object, java.lang.Object, int, java.lang.Object)'> (0x000000008c6f1328) 
thrown [s\src\hotspot\share\interpreter\linkResolver.cpp, line 815]
Event: 49.404 Thread 0x00000164224d4af0 Exception <a 'java/lang/IncompatibleClassChangeError'{0x000000008a7282e8}: Found class java.lang.Object, but interface was expected> (0x000000008a7282e8) 
thrown [s\src\hotspot\share\interpreter\linkResolver.cpp, line 882]
Event: 49.440 Thread 0x00000164224d4af0 Exception <a 'java/lang/NoSuchMethodError'{0x000000008a68fff0}: 'java.lang.Object java.lang.invoke.DirectMethodHandle$Holder.invokeStatic(java.lang.Object, java.lang.Object, long, long)'> (0x000000008a68fff0) 
thrown [s\src\hotspot\share\interpreter\linkResolver.cpp, line 815]
Event: 49.450 Thread 0x00000164224d4af0 Exception <a 'java/lang/NoSuchMethodError'{0x000000008a6e4d80}: 'java.lang.Object java.lang.invoke.DirectMethodHandle$Holder.invokeStatic(java.lang.Object, java.lang.Object, java.lang.Object, long, java.lang.Object)'> (0x000000008a6e4d80) 
thrown [s\src\hotspot\share\interpreter\linkResolver.cpp, line 815]
Event: 49.451 Thread 0x00000164224d4af0 Exception <a 'java/lang/NoSuchMethodError'{0x000000008a6f6de8}: 'java.lang.Object java.lang.invoke.DirectMethodHandle$Holder.newInvokeSpecial(java.lang.Object, java.lang.Object, java.lang.Object, long)'> (0x000000008a6f6de8) 
thrown [s\src\hotspot\share\interpreter\linkResolver.cpp, line 815]
Event: 49.451 Thread 0x00000164224d4af0 Exception <a 'java/lang/NoSuchMethodError'{0x000000008a500ed0}: 'java.lang.Object java.lang.invoke.Invokers$Holder.linkToTargetMethod(java.lang.Object, java.lang.Object, long, java.lang.Object)'> (0x000000008a500ed0) 
thrown [s\src\hotspot\share\interpreter\linkResolver.cpp, line 815]
Event: 49.560 Thread 0x00000164224d4af0 Implicit null exception at 0x000001640daabc84 to 0x000001640daac084
Event: 49.567 Thread 0x00000164224d4af0 Implicit null exception at 0x000001640dab392b to 0x000001640dab3d44
Event: 50.113 Thread 0x00000164224d4af0 Exception <a 'java/lang/NoSuchMethodError'{0x000000008c685d50}: 'java.lang.Object java.lang.invoke.DirectMethodHandle$Holder.invokeStatic(java.lang.Object, java.lang.Object, java.lang.Object, java.lang.Object, java.lang.Object, java.lang.Object, java.lang.Object, java.lang.Object, java.lang.Object, java.lang.Object, java.lang.Object, int, java.lang.Object)'> (0x000000008c685d50) 
thrown [s\src\hotspot\share\interpreter\linkResolver.cpp, line 815]

VM Operations (20 events):
Event: 49.003 Executing non-safepoint VM operation: HandshakeAllThreads (Deoptimize)
Event: 49.003 Executing non-safepoint VM operation: HandshakeAllThreads (Deoptimize) done
Event: 49.185 Executing non-safepoint VM operation: HandshakeAllThreads (Deoptimize)
Event: 49.185 Executing non-safepoint VM operation: HandshakeAllThreads (Deoptimize) done
Event: 49.480 Executing safepoint VM operation: G1CollectForAllocation (G1 Evacuation Pause)
Event: 49.486 Executing safepoint VM operation: G1CollectForAllocation (G1 Evacuation Pause) done
Event: 49.528 Executing non-safepoint VM operation: HandshakeAllThreads (Deoptimize)
Event: 49.528 Executing non-safepoint VM operation: HandshakeAllThreads (Deoptimize) done
Event: 50.664 Executing non-safepoint VM operation: HandshakeAllThreads (Deoptimize)
Event: 50.664 Executing non-safepoint VM operation: HandshakeAllThreads (Deoptimize) done
Event: 50.708 Executing safepoint VM operation: G1CollectForAllocation (G1 Evacuation Pause)
Event: 50.720 Executing safepoint VM operation: G1CollectForAllocation (G1 Evacuation Pause) done
Event: 50.815 Executing safepoint VM operation: G1PauseRemark
Event: 50.823 Executing safepoint VM operation: G1PauseRemark done
Event: 50.856 Executing safepoint VM operation: G1PauseCleanup
Event: 50.856 Executing safepoint VM operation: G1PauseCleanup done
Event: 51.599 Executing non-safepoint VM operation: HandshakeAllThreads (Deoptimize)
Event: 51.599 Executing non-safepoint VM operation: HandshakeAllThreads (Deoptimize) done
Event: 52.291 Executing safepoint VM operation: G1CollectForAllocation (G1 Evacuation Pause)
Event: 52.299 Executing safepoint VM operation: G1CollectForAllocation (G1 Evacuation Pause) done

Memory protections (0 events):
No events

Nmethod flushes (20 events):
Event: 50.821 Thread 0x0000016419c074c0 flushing  nmethod 0x00000164061acf88
Event: 50.821 Thread 0x0000016419c074c0 flushing  nmethod 0x00000164061ad608
Event: 50.821 Thread 0x0000016419c074c0 flushing  nmethod 0x00000164061afe88
Event: 50.821 Thread 0x0000016419c074c0 flushing  nmethod 0x0000016406227e08
Event: 50.821 Thread 0x0000016419c074c0 flushing  nmethod 0x0000016406228808
Event: 50.821 Thread 0x0000016419c074c0 flushing  nmethod 0x000001640622a908
Event: 50.821 Thread 0x0000016419c074c0 flushing  nmethod 0x000001640622bd08
Event: 50.821 Thread 0x0000016419c074c0 flushing  nmethod 0x0000016406364f88
Event: 50.821 Thread 0x0000016419c074c0 flushing  nmethod 0x000001640662fe88
Event: 50.821 Thread 0x0000016419c074c0 flushing  nmethod 0x0000016406709408
Event: 50.821 Thread 0x0000016419c074c0 flushing  nmethod 0x0000016406719b08
Event: 50.821 Thread 0x0000016419c074c0 flushing  nmethod 0x0000016406898188
Event: 50.821 Thread 0x0000016419c074c0 flushing  nmethod 0x00000164069ba008
Event: 50.821 Thread 0x0000016419c074c0 flushing  nmethod 0x0000016406b92f08
Event: 50.821 Thread 0x0000016419c074c0 flushing  nmethod 0x0000016406b94808
Event: 50.821 Thread 0x0000016419c074c0 flushing  nmethod 0x0000016406b95708
Event: 50.821 Thread 0x0000016419c074c0 flushing  nmethod 0x0000016406b98f88
Event: 50.821 Thread 0x0000016419c074c0 flushing  nmethod 0x0000016406b99788
Event: 50.821 Thread 0x0000016419c074c0 flushing  nmethod 0x0000016406b9db88
Event: 50.821 Thread 0x0000016419c074c0 flushing  nmethod 0x0000016406ba4108

Events (20 events):
Event: 46.872 Thread 0x00000164224d4af0 Thread added: 0x000001642da436c0
Event: 46.872 Thread 0x00000164224d4af0 Thread added: 0x000001642da42720
Event: 46.873 Thread 0x00000164224d4af0 Thread added: 0x000001642da42ef0
Event: 48.356 Thread 0x00000164224d4af0 Thread added: 0x0000016425cda900
Event: 48.356 Thread 0x00000164224d4af0 Thread added: 0x0000016425cda130
Event: 48.396 Thread 0x0000016425cda130 Thread added: 0x0000016423365b90
Event: 48.397 Thread 0x0000016422f5e8f0 Thread added: 0x0000016422f89bc0
Event: 48.540 Thread 0x0000016422f89bc0 Thread exited: 0x0000016422f89bc0
Event: 48.920 Thread 0x000001641ab5cac0 Thread added: 0x0000016422e798f0
Event: 48.973 Thread 0x000001641ab5cac0 Thread added: 0x0000016422e780c0
Event: 49.471 Thread 0x000001641ab56e80 Thread added: 0x000001642438a430
Event: 49.600 Thread 0x0000016422f5e8f0 Thread added: 0x0000016422f89bc0
Event: 49.600 Thread 0x0000016422f5e8f0 Thread added: 0x0000016422f86b60
Event: 49.812 Thread 0x0000016422e780c0 Thread exited: 0x0000016422e780c0
Event: 49.812 Thread 0x000001642438a430 Thread exited: 0x000001642438a430
Event: 49.812 Thread 0x0000016422e798f0 Thread exited: 0x0000016422e798f0
Event: 50.703 Thread 0x000001641ab56e80 Thread added: 0x0000016424389410
Event: 51.082 Thread 0x0000016424389410 Thread exited: 0x0000016424389410
Event: 52.417 Thread 0x0000016422f86b60 Thread added: 0x0000016425faae70
Event: 52.423 Thread 0x0000016425faae70 Thread added: 0x0000016425faa660


Dynamic libraries:
0x00007ff6e3000000 - 0x00007ff6e300a000 	C:\Program Files\Android\Android Studio\jbr\bin\java.exe
0x00007ff8259a0000 - 0x00007ff825c07000 	C:\WINDOWS\SYSTEM32\ntdll.dll
0x00007ff824b00000 - 0x00007ff824bcb000 	C:\WINDOWS\System32\KERNEL32.DLL
0x00007ff8230c0000 - 0x00007ff8234c2000 	C:\WINDOWS\System32\KERNELBASE.dll
0x00007ff822ba0000 - 0x00007ff822cec000 	C:\WINDOWS\System32\ucrtbase.dll
0x00007fffee1b0000 - 0x00007fffee1c6000 	C:\Program Files\Android\Android Studio\jbr\bin\jli.dll
0x00007fffef110000 - 0x00007fffef12b000 	C:\Program Files\Android\Android Studio\jbr\bin\VCRUNTIME140.dll
0x00007ff823770000 - 0x00007ff82393f000 	C:\WINDOWS\System32\USER32.dll
0x00007ff822dc0000 - 0x00007ff822de7000 	C:\WINDOWS\System32\win32u.dll
0x00007ff803d10000 - 0x00007ff803fa0000 	C:\WINDOWS\WinSxS\amd64_microsoft.windows.common-controls_6595b64144ccf1df_6.0.26100.9278_none_3e0d1ba8e3303201\COMCTL32.dll
0x00007ff823c90000 - 0x00007ff823cbb000 	C:\WINDOWS\System32\GDI32.dll
0x00007ff823590000 - 0x00007ff8236b9000 	C:\WINDOWS\System32\gdi32full.dll
0x00007ff8236c0000 - 0x00007ff823769000 	C:\WINDOWS\System32\msvcrt.dll
0x00007ff822f80000 - 0x00007ff823023000 	C:\WINDOWS\System32\msvcp_win.dll
0x00007ff824ed0000 - 0x00007ff824f01000 	C:\WINDOWS\System32\IMM32.DLL
0x00007ff81d1b0000 - 0x00007ff81d1bc000 	C:\Program Files\Android\Android Studio\jbr\bin\vcruntime140_1.dll
0x00007fff9dce0000 - 0x00007fff9dd6d000 	C:\Program Files\Android\Android Studio\jbr\bin\msvcp140.dll
0x00007fff30350000 - 0x00007fff3122a000 	C:\Program Files\Android\Android Studio\jbr\bin\server\jvm.dll
0x00007ff8239e0000 - 0x00007ff823a9c000 	C:\WINDOWS\System32\ADVAPI32.dll
0x00007ff8255a0000 - 0x00007ff825649000 	C:\WINDOWS\System32\sechost.dll
0x00007ff825660000 - 0x00007ff825778000 	C:\WINDOWS\System32\RPCRT4.dll
0x00007ff823950000 - 0x00007ff8239d0000 	C:\WINDOWS\System32\WS2_32.dll
0x00007ff817fc0000 - 0x00007ff817ff6000 	C:\WINDOWS\SYSTEM32\WINMM.dll
0x00007ff8216d0000 - 0x00007ff82172e000 	C:\WINDOWS\SYSTEM32\POWRPROF.dll
0x00007ff81a510000 - 0x00007ff81a51b000 	C:\WINDOWS\SYSTEM32\VERSION.dll
0x00007ff8216b0000 - 0x00007ff8216c5000 	C:\WINDOWS\SYSTEM32\UMPDC.dll
0x00007ff821990000 - 0x00007ff8219ab000 	C:\WINDOWS\SYSTEM32\kernel.appcore.dll
0x00007ff81b150000 - 0x00007ff81b15a000 	C:\Program Files\Android\Android Studio\jbr\bin\jimage.dll
0x00007ff81ffe0000 - 0x00007ff82022c000 	C:\WINDOWS\SYSTEM32\DBGHELP.DLL
0x00007ff8251f0000 - 0x00007ff825575000 	C:\WINDOWS\System32\combase.dll
0x00007ff823ab0000 - 0x00007ff823b89000 	C:\WINDOWS\System32\OLEAUT32.dll
0x00007ff80c5c0000 - 0x00007ff80c5fb000 	C:\WINDOWS\SYSTEM32\dbgcore.DLL
0x00007ff822d00000 - 0x00007ff822dac000 	C:\WINDOWS\System32\bcryptPrimitives.dll
0x00007ffff6630000 - 0x00007ffff663e000 	C:\Program Files\Android\Android Studio\jbr\bin\instrument.dll
0x00007fffee4b0000 - 0x00007fffee4cf000 	C:\Program Files\Android\Android Studio\jbr\bin\java.dll
0x00007ff8257c0000 - 0x00007ff82595a000 	C:\WINDOWS\System32\ole32.dll
0x00007ff823cc0000 - 0x00007ff824458000 	C:\WINDOWS\System32\SHELL32.dll
0x00007fffee370000 - 0x00007fffee387000 	C:\Program Files\Android\Android Studio\jbr\bin\zip.dll
0x00007ff820600000 - 0x00007ff820eae000 	C:\WINDOWS\SYSTEM32\windows.storage.dll
0x00007ff8250f0000 - 0x00007ff8251eb000 	C:\WINDOWS\System32\SHCORE.dll
0x00007ff824e50000 - 0x00007ff824eb6000 	C:\WINDOWS\System32\shlwapi.dll
0x00007ff822ac0000 - 0x00007ff822ae9000 	C:\WINDOWS\SYSTEM32\profapi.dll
0x00007ff80c560000 - 0x00007ff80c570000 	C:\Program Files\Android\Android Studio\jbr\bin\net.dll
0x00007ff821f50000 - 0x00007ff821fbc000 	C:\WINDOWS\system32\mswsock.dll
0x00007fffee350000 - 0x00007fffee366000 	C:\Program Files\Android\Android Studio\jbr\bin\nio.dll
0x00007ffff66a0000 - 0x00007ffff66b0000 	C:\Program Files\Android\Android Studio\jbr\bin\verify.dll
0x00007fffd83a0000 - 0x00007fffd83c7000 	C:\Users\A S U S\.gradle\native\660c5614fbf4a5f2a75b1949f50a0caf5cd603558e7d8a26e50b933a0cfb79d1\windows-amd64\native-platform.dll
0x00007fff93e20000 - 0x00007fff93e97000 	C:\Users\A S U S\.gradle\native\0.2.8\x86_64-windows-gnu\gradle-fileevents.dll
0x00007ffffa890000 - 0x00007ffffa899000 	C:\Program Files\Android\Android Studio\jbr\bin\management.dll
0x00007ffff91c0000 - 0x00007ffff91cb000 	C:\Program Files\Android\Android Studio\jbr\bin\management_ext.dll
0x00007ff825650000 - 0x00007ff825658000 	C:\WINDOWS\System32\PSAPI.DLL
0x00007ff821300000 - 0x00007ff821333000 	C:\WINDOWS\SYSTEM32\IPHLPAPI.DLL
0x00007ff8257b0000 - 0x00007ff8257ba000 	C:\WINDOWS\System32\NSI.dll
0x00007ff80be40000 - 0x00007ff80be49000 	C:\Program Files\Android\Android Studio\jbr\bin\extnet.dll
0x00007ff822240000 - 0x00007ff82225b000 	C:\WINDOWS\SYSTEM32\CRYPTSP.dll
0x00007ff8218f0000 - 0x00007ff821929000 	C:\WINDOWS\system32\rsaenh.dll
0x00007ff822000000 - 0x00007ff822034000 	C:\WINDOWS\SYSTEM32\USERENV.dll
0x00007ff822a90000 - 0x00007ff822aba000 	C:\WINDOWS\SYSTEM32\bcrypt.dll
0x00007ff822260000 - 0x00007ff82226c000 	C:\WINDOWS\SYSTEM32\CRYPTBASE.dll
0x00007ff80d6b0000 - 0x00007ff80d6b8000 	C:\WINDOWS\system32\wshunix.dll

JVMTI agents:
C:\Users\A S U S\.gradle\wrapper\dists\gradle-9.5.0-bin\bvnork1r7n8i6kp5cnkibsc9q\gradle-9.5.0\lib\agents\gradle-instrumentation-agent-9.5.0.jar path:C:\Program Files\Android\Android Studio\jbr\bin\instrument.dll, loaded, initialized, instrumentlib options:none

dbghelp: loaded successfully - version: 4.0.5 - missing functions: none
symbol engine: initialized successfully - sym options: 0x614 - pdb path: .;C:\Program Files\Android\Android Studio\jbr\bin;C:\WINDOWS\SYSTEM32;C:\WINDOWS\WinSxS\amd64_microsoft.windows.common-controls_6595b64144ccf1df_6.0.26100.9278_none_3e0d1ba8e3303201;C:\Program Files\Android\Android Studio\jbr\bin\server;C:\Users\A S U S\.gradle\native\660c5614fbf4a5f2a75b1949f50a0caf5cd603558e7d8a26e50b933a0cfb79d1\windows-amd64;C:\Users\A S U S\.gradle\native\0.2.8\x86_64-windows-gnu

VM Arguments:
jvm_args: --add-opens=java.base/java.lang=ALL-UNNAMED --add-opens=java.base/java.lang.invoke=ALL-UNNAMED --add-opens=java.base/java.util=ALL-UNNAMED --add-opens=java.prefs/java.util.prefs=ALL-UNNAMED --add-exports=jdk.compiler/com.sun.tools.javac.api=ALL-UNNAMED --add-exports=jdk.compiler/com.sun.tools.javac.util=ALL-UNNAMED --add-opens=java.base/java.nio.charset=ALL-UNNAMED --add-opens=java.base/java.net=ALL-UNNAMED --add-opens=java.base/java.util.concurrent=ALL-UNNAMED --add-opens=java.base/java.util.concurrent.atomic=ALL-UNNAMED --add-opens=java.xml/javax.xml.namespace=ALL-UNNAMED --add-opens=java.base/java.time=ALL-UNNAMED --enable-native-access=ALL-UNNAMED -Xmx2048m -Dfile.encoding=UTF-8 -Duser.country=ID -Duser.language=en -Duser.variant -javaagent:C:\Users\A S U S\.gradle\wrapper\dists\gradle-9.5.0-bin\bvnork1r7n8i6kp5cnkibsc9q\gradle-9.5.0\lib\agents\gradle-instrumentation-agent-9.5.0.jar 
java_command: org.gradle.launcher.daemon.bootstrap.GradleDaemon 9.5.0
java_class_path (initial): C:\Users\A S U S\.gradle\wrapper\dists\gradle-9.5.0-bin\bvnork1r7n8i6kp5cnkibsc9q\gradle-9.5.0\lib\gradle-daemon-main-9.5.0.jar
Launcher Type: SUN_STANDARD

[Global flags]
     intx CICompilerCount                          = 12                                        {product} {ergonomic}
     uint ConcGCThreads                            = 3                                         {product} {ergonomic}
     uint G1ConcRefinementThreads                  = 13                                        {product} {ergonomic}
   size_t G1HeapRegionSize                         = 1048576                                   {product} {ergonomic}
   size_t InitialHeapSize                          = 264241152                                 {product} {ergonomic}
   size_t MarkStackSize                            = 4194304                                   {product} {ergonomic}
   size_t MarkStackSizeMax                         = 536870912                                 {product} {ergonomic}
   size_t MaxHeapSize                              = 2147483648                                {product} {command line}
   size_t MaxNewSize                               = 1287651328                                {product} {ergonomic}
   size_t MinHeapDeltaBytes                        = 1048576                                   {product} {ergonomic}
   size_t MinHeapSize                              = 8388608                                   {product} {ergonomic}
    uintx NonNMethodCodeHeapSize                   = 7602176                                {pd product} {ergonomic}
    uintx NonProfiledCodeHeapSize                  = 122093568                              {pd product} {ergonomic}
    uintx ProfiledCodeHeapSize                     = 121962496                              {pd product} {ergonomic}
    uintx ReservedCodeCacheSize                    = 251658240                              {pd product} {ergonomic}
     bool SegmentedCodeCache                       = true                                      {product} {ergonomic}
   size_t SoftMaxHeapSize                          = 2147483648                             {manageable} {ergonomic}
     bool UseCompressedOops                        = true                           {product lp64_product} {ergonomic}
     bool UseG1GC                                  = true                                      {product} {ergonomic}
     bool UseLargePagesIndividualAllocation        = false                                  {pd product} {ergonomic}

Logging:
Log output configuration:
 #0: stdout all=warning uptime,level,tags foldmultilines=false
 #1: stderr all=off uptime,level,tags foldmultilines=false

Release file:
JAVA_VERSION="25.0.2" 
MODULES="java.base java.compiler java.datatransfer java.xml java.prefs java.desktop java.instrument java.logging java.management java.security.sasl java.naming java.rmi java.management.rmi java.net.http java.scripting java.security.jgss java.transaction.xa java.sql java.sql.rowset java.xml.crypto java.se java.smartcardio jdk.accessibility jdk.internal.jvmstat jdk.attach jdk.charsets jdk.internal.opt jdk.zipfs jdk.compiler jdk.crypto.cryptoki jdk.crypto.ec jdk.dynalink jdk.hotspot.agent jdk.httpserver jdk.internal.ed jdk.internal.le jdk.internal.md jdk.internal.vm.ci jdk.jartool jdk.javadoc jdk.jcmd jdk.jdeps jdk.jdwp.agent jdk.jdi jdk.jfr jdk.jlink jdk.localedata jdk.management jdk.management.agent jdk.management.jfr jdk.naming.dns jdk.naming.rmi jdk.net jdk.sctp jdk.security.auth jdk.security.jgss jdk.unsupported jdk.unsupported.desktop jdk.xml.dom" 
IMPLEMENTOR="JetBrains s.r.o." 
JAVA_RUNTIME_VERSION="25.0.2+-15348964-b329.117" 
LIBC="default" 
OS_ARCH="x86_64" 
OS_NAME="Windows" 
SOURCE=".:git:3cf398e84a39" 

Environment Variables:
CLASSPATH=.;C:\PROGRA~1\IBM\SQLLIB\java\db2java.zip;C:\PROGRA~1\IBM\SQLLIB\java\db2jcc.jar;C:\PROGRA~1\IBM\SQLLIB\java\sqlj.zip;C:\PROGRA~1\IBM\SQLLIB\java\db2jcc_license_cu.jar;C:\PROGRA~1\IBM\SQLLIB\bin;C:\PROGRA~1\IBM\SQLLIB\java\common.jar
PATH=C:\Program Files\Eclipse Adoptium\jdk-21.0.4.7-hotspot\bin;C:\Program Files\Common Files\Oracle\Java\javapath;C:\Program Files (x86)\Common Files\Oracle\Java\java8path;C:\Program Files (x86)\Common Files\Oracle\Java\javapath;C:\Windows\system32;C:\Windows;C:\Windows\System32\Wbem;C:\Windows\System32\WindowsPowerShell\v1.0\;C:\Windows\System32\OpenSSH\;C:\Program Files (x86)\NVIDIA Corporation\PhysX\Common;C:\Program Files\NVIDIA Corporation\NVIDIA NvDLISR;C:\WINDOWS\system32;C:\WINDOWS;C:\WINDOWS\System32\Wbem;C:\WINDOWS\System32\WindowsPowerShell\v1.0\;C:\WINDOWS\System32\OpenSSH\;C:\Program Files\Java\jdk-22\bin;C:\xampp\php;C:\ProgramData\ComposerSetup\bin;D:\Git\cmd;C:\PROGRA~1\IBM\SQLLIB\BIN;C:\PROGRA~1\IBM\SQLLIB\FUNCTION;C:\PROGRA~1\IBM\SQLLIB\SAMPLES\REPL;D:\xampp baru\xampp\php;D:\Program Files\nodejs\;C:\Program Files\dotnet\;C:\Users\A S U S\AppData\Local\Programs\Python\Launcher\;C:\Users\A S U S\AppData\Local\Microsoft\WindowsApps;C:\Users\A S U S\AppData\Local\Programs\Microsoft VS Code\bin;C:\Users\A S U S\AppData\Roaming\Composer\vendor\bin;C:\Users\A S U S\AppData\Roaming\npm
USERNAME=A S U S
OS=Windows_NT
PROCESSOR_IDENTIFIER=Intel64 Family 6 Model 154 Stepping 3, GenuineIntel
TMP=C:\Users\ASUS~1\AppData\Local\Temp
TEMP=C:\Users\ASUS~1\AppData\Local\Temp




Compilation memory statistics disabled.

Periodic native trim disabled

JNI global refs:
JNI global refs: 34, weak refs: 8

JNI global refs memory usage: 835, weak refs: 833

Process memory usage:
Resident Set Size: 686064K (4% of 16386528K total physical memory with 2057412K free physical memory)

OOME stack traces (most recent first):
Classloader memory used:
Loader org.gradle.internal.classloader.VisitableURLClassLoader                         : 81792 K
Loader org.gradle.internal.classloader.VisitableURLClassLoader$InstrumentingVisitableURLClassLoader: 41243 K
Loader bootstrap                                                                       : 28513 K
Loader org.gradle.initialization.MixInLegacyTypesClassLoader                           : 13905 K
Loader org.gradle.internal.classloader.VisitableURLClassLoader                         : 8538 K
Loader jdk.internal.jrtfs.JrtFileSystemProvider$JrtFsLoader                            : 325 K
Loader jdk.internal.loader.ClassLoaders$PlatformClassLoader                            : 216 K
Loader jdk.internal.loader.ClassLoaders$AppClassLoader                                 : 188 K
Loader org.gradle.groovy.scripts.internal.DefaultScriptCompilationHandler$ScriptClassLoader: 120 K


[error occurred during error reporting (Classloader stats), id 0xe0000001, Out of Memory Error (s\src\hotspot\share\memory\arena.cpp:186)]
---------------  S Y S T E M  ---------------

OS:
 Windows 11 , 64 bit Build 26100 (10.0.26100.9444)
OS uptime: 0 days 4:04 hours
Hyper-V role detected

CPU: total 16 (initial active 16) (8 cores per cpu, 2 threads per core) family 6 model 154 stepping 3 microcode 0x434, cx8, cmov, fxsr, ht, mmx, 3dnowpref, sse, sse2, sse3, ssse3, sse4.1, sse4.2, popcnt, lzcnt, tsc, tscinvbit, avx, avx2, aes, erms, clmul, bmi1, bmi2, adx, sha, fma, vzeroupper, clflush, clflushopt, clwb, hv, serialize, rdtscp, rdpid, fsrm, gfni, f16c, cet_ibt, cet_ss
Processor Information for the first 16 processors :
  Max Mhz: 2500, Current Mhz: 2500, Mhz Limit: 2500

Memory: 4k page, system-wide physical 16002M (2001M free)
TotalPageFile size 16002M (AvailPageFile size 2M)
current process WorkingSet (physical memory assigned to process): 670M, peak: 670M
current process commit charge ("private bytes"): 726M, peak: 727M

vm_info: OpenJDK 64-Bit Server VM (25.0.2+-15348964-b329.117) for windows-amd64 JRE (25.0.2+-15348964-b329.117), built on 2026-05-05T18:25:19Z with MS VC++ 16.10 / 16.11 (VS2019)

END.
